MP-ID,Formula,X,c_X,epsilon,dchi,dm,dTm,dI,dK,VEC,dH_mix(kJ/mol),dS_mix(J/mol/K),E_form(eV/atom),Pred_LOOCV,Pred_LOEO_transfer,Pred_LOEO_direct,Residual_LOEO
mp-1229105,Ag3Sb,Ag,0.75,0.0431654676258993,0.1199999999999998,0.1140768725361366,0.3663723472526501,0.1198884758364313,1.380952380952381,9.5,-0.5399999999999989,4.6752543923441445,0.0873648650000014,0.037937507033348,-0.121647410094738,-0.0367877036333084,-0.2090122750947394
mp-16240,Ag3Sb,Ag,0.75,0.0431654676258993,0.1199999999999998,0.1140768725361366,0.3663723472526501,0.1198884758364313,1.380952380952381,9.5,-0.5399999999999989,4.6752543923441445,0.0410083950000021,0.0604690872132778,-0.121647410094738,-0.0367877036333084,-0.1626558050947401
mp-2273,Ag3Sb,Ag,0.75,0.0431654676258993,0.1199999999999998,0.1140768725361366,0.3663723472526501,0.1198884758364313,1.380952380952381,9.5,-0.5399999999999989,4.6752543923441445,0.0508994350000016,0.054366335272789,-0.121647410094738,-0.0367877036333084,-0.1725468450947396
mp-1018100,AlSb,Al,0.5,0.1294964028776978,0.4399999999999997,0.7784165571616294,0.032884108964571,0.3046003717472119,0.8095238095238095,4.0,-9.679999999999987,5.762825659158757,-0.2440902624999985,-0.2236675024032592,-0.0801915153861045,-0.1087592840194702,0.163898747113894
mp-2624,AlSb,Al,0.5,0.1294964028776978,0.4399999999999997,0.7784165571616294,0.032884108964571,0.3046003717472119,0.8095238095238095,4.0,-9.679999999999987,5.762825659158757,-0.2529754850000003,-0.2169636636972427,-0.0801915153861045,-0.1087592840194702,0.17278396961389578
mp-1219457,SbAs,As,0.5,0.1438848920863309,0.1300000000000003,0.3846911957950066,0.2060457190909292,0.1402184014869887,0.4761904761904761,5.0,-0.8450000000000044,5.762825659158757,-0.0012354462499999,0.0298040993511676,0.0298040993511676,-0.2177503705024719,0.0310395456011675
mp-1186917,SbAu3,Au,0.75,0.0215827338129495,0.4900000000000002,0.6176905387647831,0.4796742570094492,0.0717936802973978,3.119047619047619,9.5,-9.003750000000007,4.6752543923441445,0.0533390487499971,0.0423618033528327,-0.0669491812586784,-0.1276666224002838,-0.1202882300086755
mp-1186925,SbAu3,Au,0.75,0.0215827338129495,0.4900000000000002,0.6176905387647831,0.4796742570094492,0.0717936802973978,3.119047619047619,9.5,-9.003750000000007,4.6752543923441445,0.049950678750001,0.0474726967513561,-0.0669491812586784,-0.1276666224002838,-0.11689986000867938
mp-738,Sb2Au,Au,0.3333333333333333,0.0215827338129495,0.4900000000000002,0.6176905387647831,0.4796742570094492,0.0717936802973978,3.119047619047619,7.0,-10.67111111111112,5.291978795186446,-0.0689747724999989,-0.10934779047966,-0.1626083850860595,-0.1889575123786926,-0.0936336125860606
mp-10089,Ba5Sb4,Ba,0.5555555555555556,0.4244604316546763,1.1599999999999997,0.1278745072273325,0.1064639624687424,0.3945167286245354,0.7857142857142857,3.333333333333333,-66.44938271604934,5.711398547813519,-1.1377427833333285,-1.122575283050537,-0.7029091119766235,-0.5990384221076965,0.4348336713567049
mp-1182123,BaSb2,Ba,0.3333333333333333,0.4244604316546763,1.1599999999999997,0.1278745072273325,0.1064639624687424,0.3945167286245354,0.7857142857142857,4.000000000000001,-59.804444444444414,5.291978795186446,-0.7802062266666662,-0.8468264937400818,-0.8012388348579407,-0.4432284235954284,-0.021032608191274504
mp-16922,Ba2Sb3,Ba,0.4,0.4244604316546763,1.1599999999999997,0.1278745072273325,0.1064639624687424,0.3945167286245354,0.7857142857142857,3.8,-64.58879999999996,5.59541899949833,-0.9623563912499982,-1.0145493745803833,-0.725915253162384,-0.5722736716270447,0.23644113808761413
mp-17399,Ba5Sb4,Ba,0.5555555555555556,0.4244604316546763,1.1599999999999997,0.1278745072273325,0.1064639624687424,0.3945167286245354,0.7857142857142857,3.333333333333333,-66.44938271604934,5.711398547813519,-1.1377285191666613,-1.1225790977478027,-0.7029091119766235,-0.5990384221076965,0.43481940719003775
mp-2196,BaSb2,Ba,0.3333333333333333,0.4244604316546763,1.1599999999999997,0.1278745072273325,0.1064639624687424,0.3945167286245354,0.7857142857142857,4.000000000000001,-59.804444444444414,5.291978795186446,-0.8492804044444466,-0.8205918669700623,-0.8012388348579407,-0.4432284235954284,0.04804156958650596
mp-542428,Ba11Sb10,Ba,0.5238095238095238,0.4244604316546763,1.1599999999999997,0.1278745072273325,0.1064639624687424,0.3945167286245354,0.7857142857142857,3.428571428571429,-67.12743764172332,5.753395789595571,-1.100275000238092,-1.0112186670303345,-0.7030436396598816,-0.5937250256538391,0.3972313605782105
mp-624668,BaSb2,Ba,0.3333333333333333,0.4244604316546763,1.1599999999999997,0.1278745072273325,0.1064639624687424,0.3945167286245354,0.7857142857142857,4.000000000000001,-59.804444444444414,5.291978795186446,-0.8500435344444425,-0.8268120288848877,-0.8012388348579407,-0.4432284235954284,0.0488046995865018
mp-6950,BaSb3,Ba,0.25,0.4244604316546763,1.1599999999999997,0.1278745072273325,0.1064639624687424,0.3945167286245354,0.7857142857142857,4.25,-50.459999999999965,4.6752543923441445,-0.6914064924999983,-0.7654528617858887,-0.7336838245391846,-0.4055697321891784,-0.042277332039186266
mp-9908,Ba2Sb,Ba,0.6666666666666667,0.4244604316546763,1.1599999999999997,0.1278745072273325,0.1064639624687424,0.3945167286245354,0.7857142857142857,3.0,-59.80444444444441,5.291978795186446,-0.9243493066666666,-0.9116320610046388,-0.7007176876068115,-0.5360032320022583,0.22363161905985507
mp-9909,Ba5Sb3,Ba,0.625,0.4244604316546763,1.1599999999999997,0.1278745072273325,0.1064639624687424,0.3945167286245354,0.7857142857142857,3.125,-63.07499999999996,5.500236762028835,-1.0689584581250011,-1.0306414365768433,-0.6363364458084106,-0.6028978228569031,0.4326220123165905
mp-1227290,BiSb,Bi,0.5,0.0647482014388489,0.0299999999999998,0.7163272010512483,0.3973090796432759,0.1535780669144982,0.238095238095238,5.0,-0.0449999999999994,5.762825659158757,-0.0069253724999995,0.0625993460416793,0.1597442179918289,0.0584778152406215,0.1666695904918284
mp-1227319,Bi3Sb,Bi,0.75,0.0647482014388489,0.0299999999999998,0.7163272010512483,0.3973090796432759,0.1535780669144982,0.238095238095238,5.0,-0.0337499999999995,4.6752543923441445,0.0031820812499958,0.0769598260521888,0.1283794492483139,0.0898147374391555,0.1251973679983181
mp-1103073,Sb2Br9,Br,0.8181818181818181,0.1798561151079137,0.91,0.3437910643889619,0.7059018787758083,0.3724442379182155,0.9761904761904762,6.636363636363636,-24.63768595041324,3.9419942487462327,-0.7952707322727274,-0.7303764224052429,-0.636172354221344,-0.9039449095726012,0.15909837805138338
mp-1545003,SbBr3,Br,0.75,0.1798561151079137,0.91,0.3437910643889619,0.7059018787758083,0.3724442379182155,0.9761904761904762,6.5,-31.05375000000001,4.6752543923441445,-1.0024867831250006,-1.0045225620269775,-0.8795526027679443,-1.0435314178466797,0.12293418035705628
mp-27399,SbBr3,Br,0.75,0.1798561151079137,0.91,0.3437910643889619,0.7059018787758083,0.3724442379182155,0.9761904761904762,6.5,-31.05375000000001,4.6752543923441445,-1.0028108862499998,-1.002455711364746,-0.8795526027679443,-1.0435314178466797,0.12325828348205548
mp-570005,SbBr3,Br,0.75,0.1798561151079137,0.91,0.3437910643889619,0.7059018787758083,0.3724442379182155,0.9761904761904762,6.5,-31.05375000000001,4.6752543923441445,-1.008689353125,-0.9974358081817628,-0.8795526027679443,-1.0435314178466797,0.12913675035705574
mp-12241,Ca11Sb10,Ca,0.5238095238095238,0.2517985611510792,1.0499999999999998,0.6708278580814718,0.2337073181526478,0.2898466542750929,0.5952380952380952,3.428571428571429,-54.99999999999998,5.753395789595571,-1.0371304664285703,-1.231634259223938,-1.2796070575714111,-1.1710660457611084,-0.2424765911428408
mp-1227708,Ca16Sb11,Ca,0.5925925925925926,0.2517985611510792,1.0499999999999998,0.6708278580814718,0.2337073181526478,0.2898466542750929,0.5952380952380952,3.2222222222222223,-53.23456790123455,5.619441168175703,-1.1040812433333331,-1.1758195161819458,-1.1339458227157593,-1.0557568073272705,-0.02986457938242615
mp-12467,Ca5Sb3,Ca,0.625,0.2517985611510792,1.0499999999999998,0.6708278580814718,0.2337073181526478,0.2898466542750929,0.5952380952380952,3.125,-51.67968749999998,5.500236762028835,-1.0463781506250005,-1.0806876420974731,-1.0540879964828491,-1.0443930625915527,-0.007709845857848618
mp-1525363,CaSb2,Ca,0.3333333333333333,0.2517985611510792,1.0499999999999998,0.6708278580814718,0.2337073181526478,0.2898466542750929,0.5952380952380952,4.000000000000001,-48.99999999999999,5.291978795186446,-0.7325123933333296,-0.7284277677536011,-0.8798158764839172,-0.8406832218170166,-0.1473034831505876
mp-1546836,Ca16Sb11,Ca,0.5925925925925926,0.2517985611510792,1.0499999999999998,0.6708278580814718,0.2337073181526478,0.2898466542750929,0.5952380952380952,3.2222222222222223,-53.23456790123455,5.619441168175703,-1.203563821296297,-1.0980823040008545,-1.1339458227157593,-1.0557568073272705,0.06961799858053763
mp-17564,Ca5Sb3,Ca,0.625,0.2517985611510792,1.0499999999999998,0.6708278580814718,0.2337073181526478,0.2898466542750929,0.5952380952380952,3.125,-51.67968749999998,5.500236762028835,-1.0579432456250002,-1.067590594291687,-1.0540879964828491,-1.0443930625915527,0.0038552491421510737
mp-7493,CaSb2,Ca,0.3333333333333333,0.2517985611510792,1.0499999999999998,0.6708278580814718,0.2337073181526478,0.2898466542750929,0.5952380952380952,4.000000000000001,-48.99999999999999,5.291978795186446,-0.7406983049999969,-0.7234299182891846,-0.8798158764839172,-0.8406832218170166,-0.13911757148392034
mp-9925,Ca2Sb,Ca,0.6666666666666667,0.2517985611510792,1.0499999999999998,0.6708278580814718,0.2337073181526478,0.2898466542750929,0.5952380952380952,3.0,-48.99999999999998,5.291978795186446,-0.9454077566666672,-0.8668267726898193,-0.8765281438827515,-0.9696540236473083,0.06887961278391574
mp-1321,CdSb,Cd,0.5,0.0359712230215827,0.3599999999999999,0.0767904073587385,0.3425391135010732,0.0447258364312267,0.238095238095238,8.5,-6.479999999999995,5.762825659158757,-0.0958698493749992,-0.3333085179328918,-0.3333085179328918,-0.3014905452728271,-0.23743866855789258
mp-1102986,CeSb2,Ce,0.3333333333333333,0.1726618705035971,0.9299999999999996,0.1507884362680683,0.1817035119166169,0.356528810408922,0.4761904761904761,4.666666666666667,-38.439999999999976,5.291978795186446,-0.950606049166666,-0.8269954323768616,-0.9140825867652892,-0.9249754548072816,0.03652346240137683
mp-1188999,Ce5Sb3,Ce,0.625,0.1726618705035971,0.9299999999999996,0.1507884362680683,0.1817035119166169,0.356528810408922,0.4761904761904761,4.375,-40.54218749999997,5.500236762028835,-1.0710876693749969,-1.118099331855774,-1.1995434761047363,-1.0913832187652588,-0.12845580672973944
mp-20680,Ce4Sb3,Ce,0.5714285714285714,0.1726618705035971,0.9299999999999996,0.1507884362680683,0.1817035119166169,0.356528810408922,0.4761904761904761,4.428571428571429,-42.36244897959181,5.677697982463094,-1.224334623571431,-1.2687594890594482,-1.3521171808242798,-1.2248268127441406,-0.12778255725284882
mp-22678,Ce2Sb,Ce,0.6666666666666667,0.1726618705035971,0.9299999999999996,0.1507884362680683,0.1817035119166169,0.356528810408922,0.4761904761904761,4.333333333333333,-38.43999999999997,5.291978795186446,-0.9832181700000008,-1.0261287689208984,-1.0937198400497437,-1.0203537940979004,-0.11050167004974287
mp-387,CeSb,Ce,0.5,0.1726618705035971,0.9299999999999996,0.1507884362680683,0.1817035119166169,0.356528810408922,0.4761904761904761,4.5,-43.24499999999997,5.762825659158757,-1.407199145,-1.4251712560653689,-1.4781842231750488,-1.3609174489974976,-0.07098507817504873
mp-22872,SbCl3,Cl,0.75,0.2877697841726618,1.1100000000000003,0.708853482260184,0.8101307840403638,0.5065055762081784,0.9761904761904762,6.5,-46.20375000000003,4.6752543923441445,-1.3292732149999993,-1.35989248752594,-1.2263541221618652,-0.7065174579620361,0.10291909283813405
mp-23176,SbCl5,Cl,0.8333333333333334,0.2877697841726618,1.1100000000000003,0.708853482260184,0.8101307840403638,0.5065055762081784,0.9761904761904762,6.666666666666667,-34.225000000000016,3.745965890497829,-1.1588807700000003,-1.166854739189148,-1.104845404624939,-0.6703837513923645,0.05403536537506137
mp-570796,SbCl5,Cl,0.8333333333333334,0.2877697841726618,1.1100000000000003,0.708853482260184,0.8101307840403638,0.5065055762081784,0.9761904761904762,6.666666666666667,-34.225000000000016,3.745965890497829,-1.1726952087500002,-1.1707180738449097,-1.104845404624939,-0.6703837513923645,0.06784980412506125
mp-1317,CoSb3,Co,0.25,0.093525179856115,0.1699999999999999,0.516015111695138,0.9562282856447366,0.0844563197026022,3.2857142857142856,6.0,-1.083749999999999,4.6752543923441445,-0.1478840750000003,-0.0950425565242767,-0.1717193573713302,-0.1403118371963501,-0.023835282371329897
mp-2644,CoSb,Co,0.5,0.093525179856115,0.1699999999999999,0.516015111695138,0.9562282856447366,0.0844563197026022,3.2857142857142856,7.0,-1.4449999999999987,5.762825659158757,-0.0388808200000028,-0.0853282585740089,-0.1532123535871505,-0.1594942659139633,-0.11433153358714769
mp-755,CoSb2,Co,0.3333333333333333,0.093525179856115,0.1699999999999999,0.516015111695138,0.9562282856447366,0.0844563197026022,3.2857142857142856,6.333333333333334,-1.2844444444444434,5.291978795186446,-0.1008235333333355,-0.1224418878555297,-0.258508026599884,-0.1847488731145858,-0.1576844932665485
mp-9835,CoSb2,Co,0.3333333333333333,0.093525179856115,0.1699999999999999,0.516015111695138,0.9562282856447366,0.0844563197026022,3.2857142857142856,6.333333333333334,-1.2844444444444434,5.291978795186446,-0.0908825533333346,-0.1272495985031128,-0.258508026599884,-0.1847488731145858,-0.16762547326654936
mp-1641,CrSb,Cr,0.5,0.0,0.3899999999999999,0.5729303547963206,1.4120914381818586,0.2138708178438662,2.8095238095238093,5.5,-7.604999999999997,5.762825659158757,-0.0070296375000005,-0.0551542900502681,-0.1380029320716858,-0.2146595418453216,-0.1309732945716853
mp-22498,CrSb2,Cr,0.3333333333333333,0.0,0.3899999999999999,0.5729303547963206,1.4120914381818586,0.2138708178438662,2.8095238095238093,5.333333333333334,-6.759999999999998,5.291978795186446,-0.0462333083333372,0.0059924544766545,-0.1272467076778412,-0.2027247101068496,-0.081013399344504
mp-2666,CrSb2,Cr,0.3333333333333333,0.0,0.3899999999999999,0.5729303547963206,1.4120914381818586,0.2138708178438662,2.8095238095238093,5.333333333333334,-6.759999999999998,5.291978795186446,0.0045940866666616,-0.0385324470698833,-0.1272467076778412,-0.2027247101068496,-0.1318407943445028
mp-10378,Cs3Sb,Cs,0.75,0.6187050359712232,1.2599999999999998,0.0915735873850196,0.6662904689194272,0.5476301115241636,0.9619047619047618,2.0,-59.534999999999975,4.6752543923441445,-0.5003016124999995,-0.6005775928497314,-0.6767240762710571,-0.4811090230941772,-0.17642246377105764
mp-1191118,Cs2Sb,Cs,0.6666666666666667,0.6187050359712232,1.2599999999999998,0.0915735873850196,0.6662904689194272,0.5476301115241636,0.9619047619047618,2.333333333333333,-70.55999999999997,5.291978795186446,-0.5605273737500008,-0.6499228477478027,-0.6466003060340881,-0.5126714706420898,-0.0860729322840873
mp-1204039,CsSb,Cs,0.5,0.6187050359712232,1.2599999999999998,0.0915735873850196,0.6662904689194272,0.5476301115241636,0.9619047619047618,3.0,-79.37999999999997,5.762825659158757,-0.5947206056249996,-0.6011118292808533,-0.6002970933914185,-0.6765903830528259,-0.005576487766418836
mp-573514,CsSb,Cs,0.5,0.6187050359712232,1.2599999999999998,0.0915735873850196,0.6662904689194272,0.5476301115241636,0.9619047619047618,3.0,-79.37999999999997,5.762825659158757,-0.5951078825000025,-0.6095202565193176,-0.6002970933914185,-0.6765903830528259,-0.005189210891415996
mp-628742,Cs5Sb8,Cs,0.3846153846153846,0.6187050359712232,1.2599999999999998,0.0915735873850196,0.6662904689194272,0.5476301115241636,0.9619047619047618,3.4615384615384617,-75.15266272189345,5.539438970218988,-0.4864855661538478,-0.5553978681564331,-0.447725385427475,-0.5839027762413025,0.03876018072637283
mp-1183969,Cu3Sb,Cu,0.75,0.0503597122302157,0.1499999999999999,0.4780716162943496,0.5023567682400584,0.1024628252788104,2.333333333333333,9.5,-0.843749999999999,4.6752543923441445,0.0665386937500009,0.0646255537867546,0.0442250370979309,0.0340310558676719,-0.022313656652070003
mp-1825,Cu2Sb,Cu,0.6666666666666667,0.0503597122302157,0.1499999999999999,0.4780716162943496,0.5023567682400584,0.1024628252788104,2.333333333333333,9.0,-0.9999999999999988,5.291978795186446,0.0343715766666647,-0.0439228191971778,-0.0443521924316883,-0.0332031287252903,-0.07872376909835299
mp-2004,Cu10Sb3,Cu,0.7692307692307692,0.0503597122302157,0.1499999999999999,0.4780716162943496,0.5023567682400584,0.1024628252788104,2.333333333333333,9.615384615384611,-0.7988165680473366,4.491257239804362,0.0499202642307702,0.0669604837894439,0.0401682034134864,0.0340310558676719,-0.009752060817283803
mp-20900,Cu3Sb,Cu,0.75,0.0503597122302157,0.1499999999999999,0.4780716162943496,0.5023567682400584,0.1024628252788104,2.333333333333333,9.5,-0.843749999999999,4.6752543923441445,0.06300208625,0.0710283741354942,0.0442250370979309,0.0340310558676719,-0.018777049152069104
mp-30596,Cu11Sb3,Cu,0.7857142857142857,0.0503597122302157,0.1499999999999999,0.4780716162943496,0.5023567682400584,0.1024628252788104,2.333333333333333,9.714285714285714,-0.7576530612244889,4.319786782514478,0.0411919953571445,0.0607403218746185,0.029470182955265,0.0341141000390052,-0.011721812401879497
mp-1007,DySb,Dy,0.5,0.143884892086331,0.8299999999999998,0.3345926412614979,0.8588594569474873,0.3100604089219331,0.0238095238095238,8.5,-34.444999999999986,5.762825659158757,-1.2145624658333318,-1.3464702367782593,-1.321685552597046,-1.375247836112976,-0.10712308676371407
mp-1189399,Dy5Sb3,Dy,0.625,0.143884892086331,0.8299999999999998,0.3345926412614979,0.8588594569474873,0.3100604089219331,0.0238095238095238,9.375,-32.29218749999999,5.500236762028835,-0.9831916554166628,-1.0079889297485352,-1.0156917572021484,-1.0668519735336304,-0.03250010178548568
mp-13451,Dy2Sb5,Dy,0.2857142857142857,0.143884892086331,0.8299999999999998,0.3345926412614979,0.8588594569474873,0.3100604089219331,0.0238095238095238,7.0,-28.118367346938765,4.9740133594812015,-0.7712303590476159,-0.6900900602340698,-0.7052756547927856,-0.7857913374900818,0.0659547042548303
mp-1927,Dy4Sb3,Dy,0.5714285714285714,0.143884892086331,0.8299999999999998,0.3345926412614979,0.8588594569474873,0.3100604089219331,0.0238095238095238,9.0,-33.742040816326515,5.677697982463094,-1.065414672380946,-1.0694016218185425,-1.101983904838562,-1.1918089389801023,-0.03656923245761612
mp-1184274,ErSb3,Er,0.25,0.1294964028776979,0.8099999999999998,0.3736859395532193,0.993848060368674,0.2904275092936804,0.0476190476190476,7.25,-24.60374999999999,4.6752543923441445,-0.5691370395833317,-0.5961528420448303,-0.6065515279769897,-0.6109729409217834,-0.03741448839365802
mp-12052,Er4Sb3,Er,0.5714285714285714,0.1294964028776979,0.8099999999999998,0.3736859395532193,0.993848060368674,0.2904275092936804,0.0476190476190476,10.142857142857142,-32.13551020408162,5.677697982463094,-1.08963017547619,-1.177191972732544,-1.2074164152145386,-1.1387803554534912,-0.11778623973834867
mp-12960,Er5Sb3,Er,0.625,0.1294964028776979,0.8099999999999998,0.3736859395532193,0.993848060368674,0.2904275092936804,0.0476190476190476,10.625,-30.754687499999985,5.500236762028835,-1.0076061520833337,-1.0508112907409668,-1.1422221660614014,-1.027325987815857,-0.13461601397806766
mp-2191,ErSb,Er,0.5,0.1294964028776979,0.8099999999999998,0.3736859395532193,0.993848060368674,0.2904275092936804,0.0476190476190476,9.5,-32.804999999999986,5.762825659158757,-1.311072816666666,-1.2916690111160278,-1.3492330312728882,-1.3277524709701538,-0.0381602146062221
mp-641565,Er5Sb3,Er,0.625,0.1294964028776979,0.8099999999999998,0.3736859395532193,0.993848060368674,0.2904275092936804,0.0476190476190476,10.625,-30.754687499999985,5.500236762028835,-1.0149365986458356,-1.0492885112762451,-1.1422221660614014,-1.027325987815857,-0.12728556741556574
mp-1105949,Eu5Sb3,Eu,0.625,0.2086330935251799,0.8499999999999999,0.2480289093298291,0.2160038947531479,0.3413104089219331,0.6428571428571429,7.5,-33.86718749999999,5.500236762028835,-1.0737599881250013,-0.9784307479858398,-0.9108413457870485,-1.074497938156128,0.16291864233795283
mp-1199270,Eu2Sb3,Eu,0.4,0.2086330935251799,0.8499999999999999,0.2480289093298291,0.2160038947531479,0.3413104089219331,0.6428571428571429,6.6,-34.67999999999999,5.59541899949833,-0.9381358875000018,-0.953805923461914,-0.8426997661590576,-1.0440629720687866,0.09543612134094415
mp-1213665,Eu2Sb3,Eu,0.4,0.2086330935251799,0.8499999999999999,0.2480289093298291,0.2160038947531479,0.3413104089219331,0.6428571428571429,6.6,-34.67999999999999,5.59541899949833,-0.931456004250002,-0.957062602043152,-0.8426997661590576,-1.0440629720687866,0.08875623809094435
mp-1227931,Eu16Sb11,Eu,0.5925925925925926,0.2086330935251799,0.8499999999999999,0.2480289093298291,0.2160038947531479,0.3413104089219331,0.6428571428571429,7.37037037037037,-34.886145404663914,5.619441168175703,-1.0915493748148175,-1.141539216041565,-0.999697208404541,-1.1986830234527588,0.09185216641027649
mp-1546120,EuSb2,Eu,0.3333333333333333,0.2086330935251799,0.8499999999999999,0.2480289093298291,0.2160038947531479,0.3413104089219331,0.6428571428571429,6.333333333333334,-32.11111111111111,5.291978795186446,-0.8404125666666692,-0.8426361680030823,-0.6759546995162964,-0.9397192001342772,0.1644578671503728
mp-2035614,Eu2Sb3,Eu,0.4,0.2086330935251799,0.8499999999999999,0.2480289093298291,0.2160038947531479,0.3413104089219331,0.6428571428571429,6.6,-34.67999999999999,5.59541899949833,-0.967081662999999,-0.9345976114273072,-0.8426997661590576,-1.0440629720687866,0.12438189684094136
mp-611062,EuSb2,Eu,0.3333333333333333,0.2086330935251799,0.8499999999999999,0.2480289093298291,0.2160038947531479,0.3413104089219331,0.6428571428571429,6.333333333333334,-32.11111111111111,5.291978795186446,-0.8430464066666706,-0.8378490209579468,-0.6759546995162964,-0.9397192001342772,0.16709170715037425
mp-1104255,Sb2F13,F,0.8666666666666667,0.4892086330935252,1.93,0.8439553219448095,0.9408041780079224,1.0240473977695164,0.9761904761904762,6.7333333333333325,-86.08657777777778,3.2646955205132406,-2.1248401183333328,-2.1048736572265625,-1.4014451503753662,-1.6273891925811768,0.7233949679579665
mp-1341935,SbF5,F,0.8333333333333334,0.4892086330935252,1.93,0.8439553219448095,0.9408041780079224,1.0240473977695164,0.9761904761904762,6.666666666666667,-103.46944444444443,3.745965890497829,-2.572728449583333,-2.565071821212769,-1.8569254875183103,-1.634401559829712,0.7158029620650226
mp-1831269,SbF5,F,0.8333333333333334,0.4892086330935252,1.93,0.8439553219448095,0.9408041780079224,1.0240473977695164,0.9761904761904762,6.666666666666667,-103.46944444444443,3.745965890497829,-2.571868103333333,-2.5625147819519043,-1.8569254875183103,-1.634401559829712,0.7149426158150225
mp-1880,SbF3,F,0.75,0.4892086330935252,1.93,0.8439553219448095,0.9408041780079224,1.0240473977695164,0.9761904761904762,6.5,-139.68375000000003,4.6752543923441445,-2.6852835287499994,-2.971226692199707,-2.87764048576355,-1.6574753522872925,-0.19235695701355038
mp-28062,Sb2F7,F,0.7777777777777778,0.4892086330935252,1.93,0.8439553219448095,0.9408041780079224,1.0240473977695164,0.9761904761904762,6.555555555555555,-128.76197530864198,4.403977338948712,-2.678805568055538,-2.3648228645324707,-2.4231464862823486,-1.654415249824524,0.2556590817731892
mp-28180,Sb4F15,F,0.7894736842105263,0.4892086330935252,1.93,0.8439553219448095,0.9408041780079224,1.0240473977695164,0.9761904761904762,6.578947368421052,-123.81939058171749,4.2788264173594905,-2.666589032302632,-2.721966505050659,-2.4245481491088867,-1.6542949676513672,0.24204088319374506
mp-28294,Sb11F43,F,0.7962962962962963,0.4892086330935252,1.93,0.8439553219448095,0.9408041780079224,1.0240473977695164,0.9761904761904762,6.5925925925925934,-120.84209190672158,4.202678584615376,-2.6608833004629626,-2.7344970703125,-2.316497564315796,-1.6553339958190918,0.3443857361471667
mp-29369,Sb7F29,F,0.8055555555555556,0.4892086330935252,1.93,0.8439553219448095,0.9408041780079224,1.0240473977695164,0.9761904761904762,6.611111111111112,-116.69054012345678,4.095506808767472,-2.6443456163194443,-2.645002841949463,-1.9885475635528564,-1.6336040496826172,0.6557980527665879
mp-556425,SbF4,F,0.8,0.4892086330935252,1.93,0.8439553219448095,0.9408041780079224,1.0240473977695164,0.9761904761904762,6.6000000000000005,-119.1968,4.160345749279866,-2.657856545250035,-2.4350600242614746,-1.9942705631256104,-1.6374223232269287,0.6635859821244248
mp-734819,SbF6,F,0.8571428571428572,0.4892086330935252,1.93,0.8439553219448095,0.9408041780079224,1.0240473977695164,0.9761904761904762,6.7142857142857135,-91.22204081632653,3.409707070233204,-2.1881013100000004,-2.1533918380737305,-1.454506516456604,-1.6273891925811768,0.7335947935433964
mp-1184324,Fe3Sb,Fe,0.75,0.0503597122302157,0.2199999999999997,0.5413107752956635,1.0038062360308926,0.0820167286245353,3.0476190476190474,7.25,-1.814999999999996,4.6752543923441445,0.0268340512500007,-0.0222696624696254,-0.1097048297524452,-0.1515339165925979,-0.13653888100244588
mp-1224995,Fe5Sb4,Fe,0.5555555555555556,0.0503597122302157,0.2199999999999997,0.5413107752956635,1.0038062360308926,0.0820167286245353,3.0476190476190474,6.666666666666667,-2.390123456790118,5.711398547813519,-0.0674187755555553,-0.0998371466994285,-0.2419472932815551,-0.2569470405578613,-0.1745285177259998
mp-20714,FeSb2,Fe,0.3333333333333333,0.0503597122302157,0.2199999999999997,0.5413107752956635,1.0038062360308926,0.0820167286245353,3.0476190476190474,6.0,-2.1511111111111063,5.291978795186446,-0.1560037999999982,-0.2092793732881546,-0.3029164671897888,-0.2730697691440582,-0.14691266718979062
mp-2619,FeSb,Fe,0.5,0.0503597122302157,0.2199999999999997,0.5413107752956635,1.0038062360308926,0.0820167286245353,3.0476190476190474,6.5,-2.4199999999999946,5.762825659158757,-0.0766511724999992,-0.1981482207775116,-0.3369206190109253,-0.2797580063343048,-0.2602694465109261
mp-971669,FeSb3,Fe,0.25,0.0503597122302157,0.2199999999999997,0.5413107752956635,1.0038062360308926,0.0820167286245353,3.0476190476190474,5.75,-1.814999999999996,4.6752543923441445,-0.1670100881249983,-0.0130458613857626,-0.0819131433963775,-0.2235419601202011,0.0850969447286208
mp-1018059,GaSb,Ga,0.5,0.1223021582733812,0.2399999999999997,0.4273981603153745,0.664852065768218,0.3030901486988848,0.3333333333333333,4.0,-2.8799999999999946,5.762825659158757,-0.2148066775000003,-0.2342341840267181,-0.1647354513406753,-0.18153677880764,0.050071226159324994
mp-1156,GaSb,Ga,0.5,0.1223021582733812,0.2399999999999997,0.4273981603153745,0.664852065768218,0.3030901486988848,0.3333333333333333,4.0,-2.8799999999999946,5.762825659158757,-0.2292719200000021,-0.2072403579950332,-0.1647354513406753,-0.18153677880764,0.0645364686593268
mp-1975044,Gd4Sb3,Gd,0.5714285714285714,0.1582733812949641,0.8499999999999999,0.2914750328515111,0.7537453805129567,0.2855483271375464,0.0952380952380952,7.857142857142857,-35.387755102040806,5.677697982463094,-1.160777204285718,-1.2035845518112185,-0.9257766604423524,-1.152520775794983,0.23500054384336566
mp-20831,Gd4Sb3,Gd,0.5714285714285714,0.1582733812949641,0.8499999999999999,0.2914750328515111,0.7537453805129567,0.2855483271375464,0.0952380952380952,7.857142857142857,-35.387755102040806,5.677697982463094,-1.2216875500000046,-1.1618878841400146,-0.9257766604423524,-1.152520775794983,0.2959108895576522
mp-510403,GdSb,Gd,0.5,0.1582733812949641,0.8499999999999999,0.2914750328515111,0.7537453805129567,0.2855483271375464,0.0952380952380952,7.5,-36.12499999999999,5.762825659158757,-1.336321550000008,-1.414068341255188,-1.0830473899841309,-1.2888106107711792,0.2532741600158772
mp-9935,GeSb,Ge,0.5,0.1223021582733812,0.04,0.4034986859395533,0.3403704441346347,0.0822490706319702,0.8047619047619047,4.5,-0.0800000000000001,5.762825659158757,0.0494254924999992,-0.0904706567525863,-0.0904706567525863,-0.0519425086677074,-0.1398961492525855
mp-1018717,HfSb2,Hf,0.3333333333333333,0.0359712230215827,0.7499999999999998,0.4659165571616294,1.7727986899466686,0.2071328996282528,1.619047619047619,4.666666666666667,-24.999999999999982,5.291978795186446,-0.3851088316666657,-0.47597736120224,-0.4822660386562347,-0.5959002375602722,-0.09715720698956898
mp-1079914,HfSb,Hf,0.5,0.0359712230215827,0.7499999999999998,0.4659165571616294,1.7727986899466686,0.2071328996282528,1.619047619047619,4.5,-28.124999999999982,5.762825659158757,-0.6014960412500017,-0.5991001129150391,-0.6361927390098572,-0.691832423210144,-0.03469669775985551
mp-13450,HfSb,Hf,0.5,0.0359712230215827,0.7499999999999998,0.4659165571616294,1.7727986899466686,0.2071328996282528,1.619047619047619,4.5,-28.124999999999982,5.762825659158757,-0.6129251225000019,-0.5969440937042236,-0.6361927390098572,-0.691832423210144,-0.023267616509855316
mp-15964,Hf3Sb,Hf,0.75,0.0359712230215827,0.7499999999999998,0.4659165571616294,1.7727986899466686,0.2071328996282528,1.619047619047619,4.25,-21.093749999999982,4.6752543923441445,-0.4284814368750034,-0.4494655430316925,-0.5030863881111145,-0.6381212472915649,-0.0746049512361111
mp-17466,Hf5Sb3,Hf,0.625,0.0359712230215827,0.7499999999999998,0.4659165571616294,1.7727986899466686,0.2071328996282528,1.619047619047619,4.375,-26.367187499999982,5.500236762028835,-0.5229888684374941,-0.6285549998283386,-0.626045286655426,-0.6931317448616028,-0.10305641821793188
mp-2180,HfSb2,Hf,0.3333333333333333,0.0359712230215827,0.7499999999999998,0.4659165571616294,1.7727986899466686,0.2071328996282528,1.619047619047619,4.666666666666667,-24.999999999999982,5.291978795186446,-0.4586568516666697,-0.420814037322998,-0.4822660386562347,-0.5959002375602722,-0.02360918698956499
mp-570870,Hf5Sb9,Hf,0.3571428571428571,0.0359712230215827,0.7499999999999998,0.4659165571616294,1.7727986899466686,0.2071328996282528,1.619047619047619,4.642857142857142,-25.829081632653043,5.418704049572811,-0.4868998432142867,-0.4445311725139618,-0.4890314638614654,-0.598568320274353,-0.0021316206471787003
mp-11140,Ho2Sb5,Ho,0.2857142857142857,0.1366906474820145,0.8199999999999998,0.3545499342969777,0.9186085109207992,0.3004182156133829,0.0476190476190476,7.285714285714286,-27.444897959183667,4.9740133594812015,-0.7292153664285722,-0.7516551613807678,-0.7612878084182739,-0.749323844909668,-0.03207244198970172
mp-2050,HoSb,Ho,0.5,0.1366906474820145,0.8199999999999998,0.3545499342969777,0.9186085109207992,0.3004182156133829,0.0476190476190476,9.0,-33.61999999999999,5.762825659158757,-1.342498482499998,-1.2264604568481443,-1.213174819946289,-1.2738672494888306,0.12932366255370886
mp-2124,Ho4Sb3,Ho,0.5714285714285714,0.1366906474820145,0.8199999999999998,0.3545499342969777,0.9186085109207992,0.3004182156133829,0.0476190476190476,9.571428571428571,-32.933877551020394,5.677697982463094,-1.1249773321428538,-1.0843878984451294,-1.0531519651412964,-1.1139353513717651,0.0718253670015574
mp-2681,Ho5Sb3,Ho,0.625,0.1366906474820145,0.8199999999999998,0.3545499342969777,0.9186085109207992,0.3004182156133829,0.0476190476190476,10.0,-31.51874999999999,5.500236762028835,-1.0386388356249974,-0.9871127605438232,-0.9691621661186218,-1.005676031112671,0.06947666950637554
mp-23281,SbI3,I,0.75,0.0431654676258991,0.6100000000000003,0.0422141918528252,0.5719090929208436,0.2141031598513011,0.8166666666666667,6.5,-13.953750000000014,4.6752543923441445,-0.6434522899999999,-0.5757368206977844,-0.4012223184108734,-0.233450174331665,0.2422299715891265
mp-569224,SbI3,I,0.75,0.0431654676258991,0.6100000000000003,0.0422141918528252,0.5719090929208436,0.2141031598513011,0.8166666666666667,6.5,-13.953750000000014,4.6752543923441445,-0.6159051743749986,-0.5967862606048584,-0.4012223184108734,-0.233450174331665,0.21468285596412517
mp-1007661,InSb,In,0.5,0.0215827338129496,0.2699999999999998,0.0569973718791065,0.5245524353271814,0.3278345724907064,0.7619047619047619,4.0,-3.6449999999999942,5.762825659158757,-0.2322401849999984,-0.2115229368209839,-0.182667925953865,-0.1531197130680084,0.04957225904613341
mp-1021668,In3Sb,In,0.75,0.0215827338129496,0.2699999999999998,0.0569973718791065,0.5245524353271814,0.3278345724907064,0.7619047619047619,3.5,-2.733749999999996,4.6752543923441445,-0.0240135599999966,-0.0108589809387922,-0.0975685715675354,-0.0736821442842483,-0.0735550115675388
mp-1207221,In2Sb,In,0.6666666666666667,0.0215827338129496,0.2699999999999998,0.0569973718791065,0.5245524353271814,0.3278345724907064,0.7619047619047619,3.666666666666666,-3.239999999999995,5.291978795186446,-0.0699988249999989,-0.1697012484073639,-0.2062315046787262,-0.1333893239498138,-0.1362326796787273
mp-20012,InSb,In,0.5,0.0215827338129496,0.2699999999999998,0.0569973718791065,0.5245524353271814,0.3278345724907064,0.7619047619047619,4.0,-3.6449999999999942,5.762825659158757,-0.2380216749999988,-0.1890512406826019,-0.182667925953865,-0.1531197130680084,0.0553537490461338
mp-10125,SbIr,Ir,0.5,0.0863309352517984,0.1500000000000003,0.5786793692509855,2.0084755139525106,0.0417053903345724,7.452380952380952,7.0,-1.125000000000005,5.762825659158757,-0.2584390137499994,-0.3405164182186126,-0.0764226987957954,-0.2549183070659637,0.182016314954204
mp-1239,Sb3Ir,Ir,0.25,0.0863309352517984,0.1500000000000003,0.5786793692509855,2.0084755139525106,0.0417053903345724,7.452380952380952,6.0,-0.843750000000004,4.6752543923441445,-0.4157322318750047,-0.2655022442340851,-0.0584395602345466,-0.2491747140884399,0.3572926716404581
mp-1247,Sb2Ir,Ir,0.3333333333333333,0.0863309352517984,0.1500000000000003,0.5786793692509855,2.0084755139525106,0.0417053903345724,7.452380952380952,6.333333333333334,-1.0000000000000049,5.291978795186446,-0.4528226591666661,-0.2559523284435272,-0.0654602870345115,-0.2033690214157104,0.3873623721321546
mp-10159,K3Sb,K,0.75,0.4100719424460432,1.23,0.6788764783180026,0.6276748766292681,0.4957016728624535,0.9238095238095236,2.0,-56.73375,4.6752543923441445,-0.5330957603125004,-0.5266883969306946,-0.3398881256580353,-0.7257410287857056,0.1932076346544651
mp-1223714,K5Sb4,K,0.5555555555555556,0.4100719424460432,1.23,0.6788764783180026,0.6276748766292681,0.4957016728624535,0.9238095238095236,2.7777777777777777,-74.71111111111111,5.711398547813519,-0.5750197443055483,-0.5542464852333069,-0.6473297476768494,-0.7628788948059082,-0.07231000337130111
mp-14017,K3Sb,K,0.75,0.4100719424460432,1.23,0.6788764783180026,0.6276748766292681,0.4957016728624535,0.9238095238095236,2.0,-56.73375,4.6752543923441445,-0.5482814765625008,-0.4861524105072021,-0.3398881256580353,-0.7257410287857056,0.20839335090446554
mp-1536,KSb,K,0.5,0.4100719424460432,1.23,0.6788764783180026,0.6276748766292681,0.4957016728624535,0.9238095238095236,3.0,-75.645,5.762825659158757,-0.5711374081250007,-0.4912380576133728,-0.543607234954834,-0.7454509139060974,0.027530173170166705
mp-29055,KSb2,K,0.3333333333333333,0.4100719424460432,1.23,0.6788764783180026,0.6276748766292681,0.4957016728624535,0.9238095238095236,3.6666666666666674,-67.24,5.291978795186446,-0.391620364583332,-0.5567896366119385,-0.6117456555366516,-0.6322771310806274,-0.22012529095331962
mp-30021,K5Sb4,K,0.5555555555555556,0.4100719424460432,1.23,0.6788764783180026,0.6276748766292681,0.4957016728624535,0.9238095238095236,2.7777777777777777,-74.71111111111111,5.711398547813519,-0.5759299943055554,-0.5540957450866699,-0.6473297476768494,-0.7628788948059082,-0.071399753371294
mp-685149,K5Sb4,K,0.5555555555555556,0.4100719424460432,1.23,0.6788764783180026,0.6276748766292681,0.4957016728624535,0.9238095238095236,2.7777777777777777,-74.71111111111111,5.711398547813519,-0.5202960131944425,-0.5828749537467957,-0.6473297476768494,-0.7628788948059082,-0.12703373448240685
mp-1065,LaSb,La,0.5,0.2158273381294964,0.9499999999999996,0.1408508541392903,0.3200115072252097,0.352114312267658,0.4285714285714285,4.0,-45.12499999999998,5.762825659158757,-1.530235762500002,-1.4673006534576416,-1.3683226108551023,-1.3271470069885254,0.16191315164489972
mp-1101942,LaSb2,La,0.3333333333333333,0.2158273381294964,0.9499999999999996,0.1408508541392903,0.3200115072252097,0.352114312267658,0.4285714285714285,4.333333333333334,-40.11111111111109,5.291978795186446,-1.0224171383333338,-0.8691926002502441,-0.75416100025177,-0.935247004032135,0.2682561380815638
mp-1106084,La5Sb3,La,0.625,0.2158273381294964,0.9499999999999996,0.1408508541392903,0.3200115072252097,0.352114312267658,0.4285714285714285,3.75,-42.30468749999998,5.500236762028835,-1.1815801993749986,-1.2015107870101929,-1.1189851760864258,-1.0758395195007324,0.0625950232885728
mp-1223,La4Sb3,La,0.5714285714285714,0.2158273381294964,0.9499999999999996,0.1408508541392903,0.3200115072252097,0.352114312267658,0.4285714285714285,3.8571428571428577,-44.20408163265304,5.677697982463094,-1.3309912814285667,-1.331347942352295,-1.2931838035583496,-1.2066785097122192,0.0378074778702171
mp-759,La2Sb,La,0.6666666666666667,0.2158273381294964,0.9499999999999996,0.1408508541392903,0.3200115072252097,0.352114312267658,0.4285714285714285,3.666666666666666,-40.11111111111109,5.291978795186446,-1.079209076666667,-0.9467801451683044,-0.9145528674125672,-1.0013396739959717,0.16465620925409985
mp-1185416,LiSb3,Li,0.25,0.0359712230215826,1.0699999999999998,0.9430026281208936,0.4979973002279316,0.3736059479553903,0.7238095238095238,4.0,-42.93374999999998,4.6752543923441445,-0.2065444064583346,-0.572772204875946,-0.4530560076236725,-0.6686532497406006,-0.24651160116533788
mp-1545896,Li2Sb,Li,0.6666666666666667,0.0359712230215826,1.0699999999999998,0.9430026281208936,0.4979973002279316,0.3736059479553903,0.7238095238095238,2.333333333333333,-50.88444444444442,5.291978795186446,-0.6772051877777775,-0.6701023578643799,-0.636827826499939,-0.7468287348747253,0.04037736127783853
mp-2074,Li3Sb,Li,0.75,0.0359712230215826,1.0699999999999998,0.9430026281208936,0.4979973002279316,0.3736059479553903,0.7238095238095238,2.0,-42.93374999999998,4.6752543923441445,-0.7441354699999998,-0.704633355140686,-0.5476747751235962,-0.7423822283744812,0.1964606948764036
mp-676024,Li27Sb10,Li,0.7297297297297297,0.0359712230215826,1.0699999999999998,0.9430026281208936,0.4979973002279316,0.3736059479553903,0.7238095238095238,2.081081081081081,-45.16040905770634,4.851447400344084,-0.7128651245945942,-0.7861875891685486,-0.6371591091156006,-0.7493235468864441,0.07570601547899358
mp-7955,Li3Sb,Li,0.75,0.0359712230215826,1.0699999999999998,0.9430026281208936,0.4979973002279316,0.3736059479553903,0.7238095238095238,2.0,-42.93374999999998,4.6752543923441445,-0.7521129675000005,-0.6975246667861938,-0.5476747751235962,-0.7423822283744812,0.20443819237640426
mp-9563,Li2Sb,Li,0.6666666666666667,0.0359712230215826,1.0699999999999998,0.9430026281208936,0.4979973002279316,0.3736059479553903,0.7238095238095238,2.333333333333333,-50.88444444444442,5.291978795186446,-0.6701608027777755,-0.6722516417503357,-0.636827826499939,-0.7468287348747253,0.03333297627783649
mp-516,LuSb,Lu,0.5,0.1223021582733814,0.7799999999999998,0.4370072273324572,1.129943127752329,0.3696561338289963,0.0238095238095238,4.0,-30.419999999999987,5.762825659158757,-1.2332155233333315,-1.0349767208099363,-0.9438787698745728,-0.9808979034423828,0.28933675345875876
mp-543051,Lu5Sb3,Lu,0.625,0.1223021582733814,0.7799999999999998,0.4370072273324572,1.129943127752329,0.3696561338289963,0.0238095238095238,3.75,-28.51874999999999,5.500236762028835,-0.9500908844791668,-0.9607782363891602,-0.8322618007659912,-0.7836494445800781,0.11782908371317558
mp-569251,Lu7Sb3,Lu,0.7,0.1223021582733814,0.7799999999999998,0.4370072273324572,1.129943127752329,0.3696561338289963,0.0238095238095238,3.6,-25.55279999999999,5.078725807267757,-0.7682508039166578,-0.6733293533325195,-0.5035808682441711,-0.6530043482780457,0.26466993567248664
mp-1016270,Mg7Sb,Mg,0.875,0.0647482014388488,0.7399999999999998,0.8003449408672799,0.0212662373586492,0.1117565055762082,0.0714285714285714,2.375,-11.978749999999993,3.1324671206693875,-0.0554850743749997,-0.0657675415277481,-0.199189156293869,-0.5294280648231506,-0.1437040819188693
mp-1023488,Mg15Sb,Mg,0.9375,0.0647482014388488,0.7399999999999998,0.8003449408672799,0.0212662373586492,0.1117565055762082,0.0714285714285714,2.1875,-6.417187499999995,1.9437438504688749,-0.0102347459374998,-0.0509996078908443,-0.1889844238758087,-0.4035979807376861,-0.1787496779383089
mp-1094555,Mg5Sb,Mg,0.8333333333333334,0.0647482014388488,0.7399999999999998,0.8003449408672799,0.0212662373586492,0.1117565055762082,0.0714285714285714,2.5,-15.211111111111098,3.745965890497829,-0.0868989591666663,-0.1269770860671997,-0.2003659158945083,-0.5518391728401184,-0.113466956727842
mp-1094571,MgSb,Mg,0.5,0.0647482014388488,0.7399999999999998,0.8003449408672799,0.0212662373586492,0.1117565055762082,0.0714285714285714,3.5,-27.37999999999998,5.762825659158757,-0.2685105374999996,-0.2871153950691223,-0.4384690225124359,-0.6559310555458069,-0.16995848501243632
mp-1094715,MgSb,Mg,0.5,0.0647482014388488,0.7399999999999998,0.8003449408672799,0.0212662373586492,0.1117565055762082,0.0714285714285714,3.5,-27.37999999999998,5.762825659158757,-0.2606734624999993,-0.2899038195610046,-0.4384690225124359,-0.6559310555458069,-0.17779556001243663
mp-1094724,Mg3Sb,Mg,0.75,0.0647482014388488,0.7399999999999998,0.8003449408672799,0.0212662373586492,0.1117565055762082,0.0714285714285714,2.75,-20.534999999999982,4.6752543923441445,-0.1938930637499996,-0.1306553483009338,-0.1830774396657943,-0.5301164388656616,0.010815624084205305
mp-1185628,Mg149Sb,Mg,0.9933333333333332,0.0647482014388488,0.7399999999999998,0.8003449408672799,0.0212662373586492,0.1117565055762082,0.0714285714285714,2.0200000000000005,-0.7252657777777939,0.3329643113866386,7.442650000029972e-05,-0.0498853102326393,-0.143565371632576,-0.4108211994171142,-0.1436397981325763
mp-1196139,Mg3Sb2,Mg,0.6,0.0647482014388488,0.7399999999999998,0.8003449408672799,0.0212662373586492,0.1117565055762082,0.0714285714285714,3.2,-26.28479999999998,5.59541899949833,-0.4281313392499996,-0.3783053159713745,-0.3803845047950744,-0.6645698547363281,0.04774683445492517
mp-1206370,Mg2Sb3,Mg,0.4,0.0647482014388488,0.7399999999999998,0.8003449408672799,0.0212662373586492,0.1117565055762082,0.0714285714285714,3.8,-26.28479999999998,5.59541899949833,-0.2094299099999993,-0.391177773475647,-0.4802006781101227,-0.6301494836807251,-0.27077076811012335
mp-2646,Mg3Sb2,Mg,0.6,0.0647482014388488,0.7399999999999998,0.8003449408672799,0.0212662373586492,0.1117565055762082,0.0714285714285714,3.2,-26.28479999999998,5.59541899949833,-0.4211860310000005,-0.3632794022560119,-0.3803845047950744,-0.6645698547363281,0.04080152620492611
mp-1221363,Mn5Sb4,Mn,0.5555555555555556,0.0,0.4999999999999998,0.548784494086728,0.6807187589900198,0.1363847583643123,1.8571428571428568,6.111111111111112,-12.345679012345668,5.711398547813519,-0.2087698767049788,-0.2867399454116821,-0.305944561958313,-0.2237379550933838,-0.0971746852533342
mp-1636,Mn3Sb,Mn,0.75,0.0,0.4999999999999998,0.548784494086728,0.6807187589900198,0.1363847583643123,1.8571428571428568,6.5,-9.374999999999991,4.6752543923441445,-0.0691385637068968,-0.1406560987234115,-0.1641259640455246,-0.0835421904921531,-0.09498740033862779
mp-20664,Mn2Sb,Mn,0.6666666666666667,0.0,0.4999999999999998,0.548784494086728,0.6807187589900198,0.1363847583643123,1.8571428571428568,6.333333333333333,-11.111111111111102,5.291978795186446,-0.2154097446551711,-0.1481496691703796,-0.2223083525896072,-0.1099212616682052,-0.006898607934436113
mp-684805,Mn14Sb13,Mn,0.5185185185185186,0.0,0.4999999999999998,0.548784494086728,0.6807187589900198,0.1363847583643123,1.8571428571428568,6.037037037037037,-12.482853223593954,5.757122022793163,-0.2793760726181315,-0.2460637986660003,-0.2909710109233856,-0.2202606946229934,-0.011594938305254099
mp-684881,Mn27Sb26,Mn,0.5094339622641509,0.0,0.4999999999999998,0.548784494086728,0.6807187589900198,0.1363847583643123,1.8571428571428568,6.018867924528301,-12.49555001779992,5.761345685259573,-0.2858992120559507,-0.2713751196861267,-0.2891752421855926,-0.2126047760248184,-0.0032760301296418937
mp-786,MnSb,Mn,0.5,0.0,0.4999999999999998,0.548784494086728,0.6807187589900198,0.1363847583643123,1.8571428571428568,6.0,-12.49999999999999,5.762825659158757,-0.3035877497413786,-0.2700915038585663,-0.2984789907932281,-0.2162724286317825,0.005108758948150494
mp-1521,Sb7Mo3,Mo,0.3,0.0,0.1100000000000003,0.2119743758212877,2.2043196353094783,0.1761152416356878,4.476190476190476,5.3,-0.508200000000003,5.078725807267757,0.0027060010000013,-0.1845266819000244,-0.1845266819000244,-0.284622848033905,-0.18723268290002568
mp-7944,NaSb,Na,0.5,0.1079136690647483,1.1199999999999997,0.8111859395532195,0.5895018699240966,0.4029972118959108,0.8380952380952381,3.0,-62.71999999999996,5.762825659158757,-0.4487233224999993,-0.8801507949829102,-1.1257106065750122,-0.9488441348075868,-0.6769872840750129
mp-7956,Na3Sb,Na,0.75,0.1079136690647483,1.1199999999999997,0.8111859395532195,0.5895018699240966,0.4029972118959108,0.8380952380952381,2.0,-47.03999999999997,4.6752543923441445,-0.5695521887500004,-0.7433575391769409,-0.9180702567100524,-0.8701783418655396,-0.348518067960052
mp-1969,NbSb2,Nb,0.3333333333333333,0.0359712230215826,0.4499999999999997,0.2369415243101183,2.042775896789041,0.2148001858736059,3.0476190476190474,5.0,-8.99999999999999,5.291978795186446,-0.314983543333336,-0.1815492659807205,-0.1540653556585312,-0.1031225398182869,0.1609181876748048
mp-2053,Nb3Sb,Nb,0.75,0.0359712230215826,0.4499999999999997,0.2369415243101183,2.042775896789041,0.2148001858736059,3.0476190476190474,5.0,-7.593749999999991,4.6752543923441445,-0.3455068375000003,-0.2520137131214142,-0.2263395339250564,-0.1820933669805526,0.11916730357494387
mp-274,Nb5Sb4,Nb,0.5555555555555556,0.0359712230215826,0.4499999999999997,0.2369415243101183,2.042775896789041,0.2148001858736059,3.0476190476190474,5.0,-9.999999999999988,5.711398547813519,-0.3604856933333324,-0.3590452671051025,-0.2890690565109253,-0.2030972093343734,0.07141663682240712
mp-1102139,NdSb2,Nd,0.3333333333333333,0.1798561151079137,0.91,0.1846254927726675,0.4350837593219589,0.3581552044609665,0.238095238095238,5.333333333333334,-36.80444444444444,5.291978795186446,-0.9396168175000004,-0.9649322628974916,-0.8829734921455383,-0.9452813863754272,0.05664332535446204
mp-1188779,Nd5Sb3,Nd,0.625,0.1798561151079137,0.91,0.1846254927726675,0.4350837593219589,0.3581552044609665,0.238095238095238,5.625,-38.8171875,5.500236762028835,-1.131842134062499,-1.1268234252929688,-1.094150424003601,-1.1077570915222168,0.03769171005889782
mp-12049,Nd2Sb,Nd,0.6666666666666667,0.1798561151079137,0.91,0.1846254927726675,0.4350837593219589,0.3581552044609665,0.238095238095238,5.666666666666666,-36.80444444444444,5.291978795186446,-1.0132587466666696,-0.9960946440696716,-0.952564299106598,-1.018771052360535,0.060694447560071585
mp-1586,NdSb,Nd,0.5,0.1798561151079137,0.91,0.1846254927726675,0.4350837593219589,0.3581552044609665,0.238095238095238,5.5,-41.405,5.762825659158757,-1.432728883750002,-1.3471755981445312,-1.2951534986495972,-1.383385419845581,0.1375753851004049
mp-530,Nd4Sb3,Nd,0.5714285714285714,0.1798561151079137,0.91,0.1846254927726675,0.4350837593219589,0.3581552044609665,0.238095238095238,5.571428571428571,-40.56,5.677697982463094,-1.2465876164285703,-1.277188062667847,-1.2066534757614136,-1.2370322942733765,0.039934140667156726
mp-10260,Ni3Sb,Ni,0.75,0.1079136690647481,0.1399999999999999,0.5179862023653088,0.9119697271459868,0.1124535315985131,3.4285714285714284,8.75,-0.7349999999999989,4.6752543923441445,-0.0573867000000003,-0.0787124261260032,0.0711274370551109,-0.0413681715726852,0.1285141370551112
mp-1106023,NiSb3,Ni,0.25,0.1079136690647481,0.1399999999999999,0.5179862023653088,0.9119697271459868,0.1124535315985131,3.4285714285714284,6.25,-0.7349999999999989,4.6752543923441445,-0.1256994862499993,-0.2053668051958084,-0.1349579095840454,-0.1391303241252899,-0.009258423334046112
mp-19895,NiSb2,Ni,0.3333333333333333,0.1079136690647481,0.1399999999999999,0.5179862023653088,0.9119697271459868,0.1124535315985131,3.4285714285714284,6.666666666666667,-0.8711111111111098,5.291978795186446,-0.1884144550000002,-0.1441437900066375,-0.0345043502748012,-0.1130267456173896,0.153910104725199
mp-2409,Ni5Sb2,Ni,0.7142857142857143,0.1079136690647481,0.1399999999999999,0.5179862023653088,0.9119697271459868,0.1124535315985131,3.4285714285714284,8.571428571428571,-0.7999999999999988,4.9740133594812015,-0.1210183735714289,-0.1685389876365661,-0.0157646965235471,-0.0920062139630317,0.1052536770478818
mp-672371,Ni3Sb,Ni,0.75,0.1079136690647481,0.1399999999999999,0.5179862023653088,0.9119697271459868,0.1124535315985131,3.4285714285714284,8.75,-0.7349999999999989,4.6752543923441445,-0.0957322650000005,-0.0654346048831939,0.0711274370551109,-0.0413681715726852,0.16685970205511141
mp-810,NiSb,Ni,0.5,0.1079136690647481,0.1399999999999999,0.5179862023653088,0.9119697271459868,0.1124535315985131,3.4285714285714284,7.5,-0.9799999999999984,5.762825659158757,-0.2542250999999993,-0.0473619811236858,0.0195785351097583,-0.0609144046902656,0.27380363510975764
mp-976847,Ni3Sb,Ni,0.75,0.1079136690647481,0.1399999999999999,0.5179862023653088,0.9119697271459868,0.1124535315985131,3.4285714285714284,8.75,-0.7349999999999989,4.6752543923441445,-0.0822096625000003,-0.0693811774253845,0.0711274370551109,-0.0413681715726852,0.1533370995551112
mp-976893,Ni3Sb,Ni,0.75,0.1079136690647481,0.1399999999999999,0.5179862023653088,0.9119697271459868,0.1124535315985131,3.4285714285714284,8.75,-0.7349999999999989,4.6752543923441445,-0.0796730925000002,-0.0716559737920761,0.0711274370551109,-0.0413681715726852,0.15080052955511108
mp-1095677,NpSb2,Np,0.3333333333333333,0.0359712230215827,0.6899999999999997,0.9468626806833116,0.0146274535838368,0.2720724907063197,0.8571428571428571,5.666666666666667,-21.159999999999982,5.291978795186446,-0.366946622083334,-0.3992486596107483,-0.5527269840240479,-0.4687894880771637,-0.18578036194071385
mp-20055,NpSb,Np,0.5,0.0359712230215827,0.6899999999999997,0.9468626806833116,0.0146274535838368,0.2720724907063197,0.8571428571428571,6.0,-23.804999999999986,5.762825659158757,-0.3144657593750004,-0.3475715517997741,-0.4993665218353271,-0.5196086168289185,-0.18490076246032672
mp-20969,NpSb,Np,0.5,0.0359712230215827,0.6899999999999997,0.9468626806833116,0.0146274535838368,0.2720724907063197,0.8571428571428571,6.0,-23.804999999999986,5.762825659158757,-0.3161144893749998,-0.3396366238594055,-0.4993665218353271,-0.5196086168289185,-0.18325203246032729
mp-977366,NpSb3,Np,0.25,0.0359712230215827,0.6899999999999997,0.9468626806833116,0.0146274535838368,0.2720724907063197,0.8571428571428571,5.5,-17.853749999999987,4.6752543923441445,-0.2927541596874992,-0.3185823857784271,-0.3998686075210571,-0.281410813331604,-0.10711444783355789
mp-1043381,Sb2O5,O,0.7142857142857143,0.4748201438848921,1.39,0.8685939553219448,0.939365774856713,0.5820167286245352,0.9761904761904762,5.7142857142857135,-78.86122448979593,4.9740133594812015,-1.6627741328571437,-1.663719654083252,-1.3384751081466677,-0.9612256288528442,0.324299024710476
mp-1044574,SbO2,O,0.6666666666666667,0.4748201438848921,1.39,0.8685939553219448,0.939365774856713,0.5820167286245352,0.9761904761904762,5.666666666666666,-85.87111111111112,5.291978795186446,-1.7468257858333327,-1.8165923357009888,-1.5225415229797363,-0.9569265246391296,0.22428426285359637
mp-1197211,Sb3O8,O,0.7272727272727273,0.4748201438848921,1.39,0.8685939553219448,0.939365774856713,0.5820167286245352,0.9761904761904762,5.727272727272727,-76.64528925619835,4.871610068559094,-1.615714677878788,-1.7032485008239746,-1.3804254531860352,-0.9633174538612366,0.23528922469275293
mp-1202960,Sb2O3,O,0.6,0.4748201438848921,1.39,0.8685939553219448,0.939365774856713,0.5820167286245352,0.9761904761904762,5.6,-92.7408,5.59541899949833,-1.719250607,-1.7456121444702148,-1.498779535293579,-1.1693555116653442,0.22047107170642088
mp-1205345,Sb2O3,O,0.6,0.4748201438848921,1.39,0.8685939553219448,0.939365774856713,0.5820167286245352,0.9761904761904762,5.6,-92.7408,5.59541899949833,-1.7333436614999962,-1.739067316055298,-1.498779535293579,-1.1693555116653442,0.2345641262064171
mp-1219481,Sb6O13,O,0.6842105263157895,0.4748201438848921,1.39,0.8685939553219448,0.939365774856713,0.5820167286245352,0.9761904761904762,5.684210526315789,-83.49240997229919,5.185066419292626,-1.776152543421052,-1.784285068511963,-1.5110417604446411,-0.9612256288528442,0.265110782976411
mp-1219514,Sb3O7,O,0.7,0.4748201438848921,1.39,0.8685939553219448,0.939365774856713,0.5820167286245352,0.9761904761904762,5.699999999999999,-81.14820000000002,5.078725807267757,-1.6964279809999994,-1.7879090309143066,-1.5012414455413818,-0.9612256288528442,0.19518653545861753
mp-1402032,Sb2O5,O,0.7142857142857143,0.4748201438848921,1.39,0.8685939553219448,0.939365774856713,0.5820167286245352,0.9761904761904762,5.7142857142857135,-78.86122448979593,4.9740133594812015,-1.6622244035714289,-1.6624079942703247,-1.3384751081466677,-0.9612256288528442,0.32374929542476116
mp-1705,Sb2O5,O,0.7142857142857143,0.4748201438848921,1.39,0.8685939553219448,0.939365774856713,0.5820167286245352,0.9761904761904762,5.7142857142857135,-78.86122448979593,4.9740133594812015,-1.7480340900000004,-1.6401610374450684,-1.3384751081466677,-0.9612256288528442,0.4095589818533327
mp-1819,SbO2,O,0.6666666666666667,0.4748201438848921,1.39,0.8685939553219448,0.939365774856713,0.5820167286245352,0.9761904761904762,5.666666666666666,-85.87111111111112,5.291978795186446,-1.8390066462499888,-1.791802167892456,-1.5225415229797363,-0.9569265246391296,0.31646512327025245
mp-1974691,Sb2O5,O,0.7142857142857143,0.4748201438848921,1.39,0.8685939553219448,0.939365774856713,0.5820167286245352,0.9761904761904762,5.7142857142857135,-78.86122448979593,4.9740133594812015,-1.6577691957142864,-1.6630289554595947,-1.3384751081466677,-0.9612256288528442,0.3192940875676187
mp-1999,Sb2O3,O,0.6,0.4748201438848921,1.39,0.8685939553219448,0.939365774856713,0.5820167286245352,0.9761904761904762,5.6,-92.7408,5.59541899949833,-1.747002447499998,-1.7337017059326172,-1.498779535293579,-1.1693555116653442,0.2482229122064188
mp-2136,Sb2O3,O,0.6,0.4748201438848921,1.39,0.8685939553219448,0.939365774856713,0.5820167286245352,0.9761904761904762,5.6,-92.7408,5.59541899949833,-1.751737501999998,-1.735663890838623,-1.498779535293579,-1.1693555116653442,0.2529579667064188
mp-230,SbO2,O,0.6666666666666667,0.4748201438848921,1.39,0.8685939553219448,0.939365774856713,0.5820167286245352,0.9761904761904762,5.666666666666666,-85.87111111111112,5.291978795186446,-1.837491502916656,-1.7956323623657229,-1.5225415229797363,-0.9569265246391296,0.31494997993691976
mp-560098,SbO2,O,0.6666666666666667,0.4748201438848921,1.39,0.8685939553219448,0.939365774856713,0.5820167286245352,0.9761904761904762,5.666666666666666,-85.87111111111112,5.291978795186446,-1.8336508283333235,-1.7929160594940186,-1.5225415229797363,-0.9569265246391296,0.31110930535358716
mp-684679,Sb6O13,O,0.6842105263157895,0.4748201438848921,1.39,0.8685939553219448,0.939365774856713,0.5820167286245352,0.9761904761904762,5.684210526315789,-83.49240997229919,5.185066419292626,-1.781462497368421,-1.7813526391983032,-1.5110417604446411,-0.9612256288528442,0.2704207369237799
mp-771699,Sb2O5,O,0.7142857142857143,0.4748201438848921,1.39,0.8685939553219448,0.939365774856713,0.5820167286245352,0.9761904761904762,5.7142857142857135,-78.86122448979593,4.9740133594812015,-1.6689724225000009,-1.659459352493286,-1.3384751081466677,-0.9612256288528442,0.3304973143533332
mp-2695,Sb2Os,Os,0.3333333333333333,0.0791366906474819,0.1500000000000003,0.5623357424441523,2.657969859921663,0.0197490706319702,8.952380952380953,6.0,-1.0000000000000049,5.291978795186446,-0.0839943783333344,-0.461322546005249,-0.461322546005249,-0.426983505487442,-0.3773281676719146
mp-1018880,PaSb2,Pa,0.3333333333333333,0.1582733812949641,0.5499999999999998,0.8975032851511168,1.04142601075483,0.3157527881040893,0.8095238095238095,5.0,-13.444444444444438,5.291978795186446,-0.6254761783333341,-0.6100327968597412,-0.6691583395004272,-0.5470629930496216,-0.043682161167093114
mp-19987,Pa3Sb4,Pa,0.4285714285714286,0.1582733812949641,0.5499999999999998,0.8975032851511168,1.04142601075483,0.3157527881040893,0.8095238095238095,5.0,-14.816326530612235,5.677697982463094,-0.662041312142849,-0.802182674407959,-0.7974708080291748,-0.6280836462974548,-0.1354294958863258
mp-862862,Pa3Sb,Pa,0.75,0.1582733812949641,0.5499999999999998,0.8975032851511168,1.04142601075483,0.3157527881040893,0.8095238095238095,5.0,-11.343749999999991,4.6752543923441445,-0.3847200249999929,-0.3835572898387909,-0.4258932173252105,-0.5336958169937134,-0.0411731923252176
mp-1206982,SbPb,Pb,0.5,0.0575539568345324,0.2800000000000002,0.7017082785808145,0.3354577441412733,0.1383596654275093,0.0952380952380952,4.5,-3.920000000000007,5.762825659158757,0.0394956800000017,0.1464467644691467,0.2128646522760391,0.0510232523083686,0.1733689722760374
mp-1219484,SbPb4,Pb,0.8,0.0575539568345324,0.2800000000000002,0.7017082785808145,0.3354577441412733,0.1383596654275093,0.0952380952380952,4.2,-2.508800000000004,4.160345749279866,0.0592398159999959,0.1110671311616897,0.1798426210880279,0.0806134045124054,0.120602805088032
mp-1219498,SbPb3,Pb,0.75,0.0575539568345324,0.2800000000000002,0.7017082785808145,0.3354577441412733,0.1383596654275093,0.0952380952380952,4.25,-2.9400000000000053,4.6752543923441445,0.0963191150000071,0.0856414884328842,0.1824287325143814,0.0942505523562431,0.0861096175143743
mp-1186928,SbPd3,Pd,0.75,0.0791366906474819,0.1500000000000003,0.1259855453350854,1.0226161233928612,0.031482342007435,3.2857142857142856,8.75,-0.843750000000004,4.6752543923441445,-0.3436246350000012,-0.3509632349014282,-0.0940485894680023,-0.1588839143514633,0.24957604553199886
mp-1186930,SbPd3,Pd,0.75,0.0791366906474819,0.1500000000000003,0.1259855453350854,1.0226161233928612,0.031482342007435,3.2857142857142856,8.75,-0.843750000000004,4.6752543923441445,-0.3483433437500025,-0.3501074612140655,-0.0940485894680023,-0.1588839143514633,0.25429475428200016
mp-1198995,Sb3Pd8,Pd,0.7272727272727273,0.0791366906474819,0.1500000000000003,0.1259855453350854,1.0226161233928612,0.031482342007435,3.2857142857142856,8.636363636363637,-0.8925619834710785,4.871610068559094,-0.4478049052272736,-0.4578712880611419,-0.1975778341293335,-0.1582331955432891,0.2502270710979401
mp-1356,Sb2Pd,Pd,0.3333333333333333,0.0791366906474819,0.1500000000000003,0.1259855453350854,1.0226161233928612,0.031482342007435,3.2857142857142856,6.666666666666667,-1.0000000000000049,5.291978795186446,-0.3466035999999993,-0.4238792061805725,-0.2325928956270218,-0.3159813284873962,0.1140107043729775
mp-1769,SbPd,Pd,0.5,0.0791366906474819,0.1500000000000003,0.1259855453350854,1.0226161233928612,0.031482342007435,3.2857142857142856,7.5,-1.125000000000005,5.762825659158757,-0.4319554574999991,-0.4250035285949707,-0.2243691682815551,-0.3040658235549927,0.207586289218444
mp-30066,Sb7Pd20,Pd,0.7407407407407407,0.0791366906474819,0.1500000000000003,0.1259855453350854,1.0226161233928612,0.031482342007435,3.2857142857142856,8.703703703703702,-0.8641975308642017,4.75794172982193,-0.4348028355555563,-0.4228170216083526,-0.1699117124080658,-0.1514666825532913,0.2648911231474905
mp-542106,SbPd2,Pd,0.6666666666666667,0.0791366906474819,0.1500000000000003,0.1259855453350854,1.0226161233928612,0.031482342007435,3.2857142857142856,8.333333333333334,-1.0000000000000049,5.291978795186446,-0.4449815074999985,-0.3975964188575744,-0.186818853020668,-0.2708900868892669,0.2581626544793305
mp-569451,Sb2Pd5,Pd,0.7142857142857143,0.0791366906474819,0.1500000000000003,0.1259855453350854,1.0226161233928612,0.031482342007435,3.2857142857142856,8.571428571428571,-0.91836734693878,4.9740133594812015,-0.4460737638095252,-0.4218431413173675,-0.1840136349201202,-0.1743972450494766,0.262060128889405
mp-680057,Sb3Pd8,Pd,0.7272727272727273,0.0791366906474819,0.1500000000000003,0.1259855453350854,1.0226161233928612,0.031482342007435,3.2857142857142856,8.636363636363637,-0.8925619834710785,4.871610068559094,-0.4474815202272721,-0.4542726576328277,-0.1975778341293335,-0.1582331955432891,0.24990368609793862
mp-973402,SbPd3,Pd,0.75,0.0791366906474819,0.1500000000000003,0.1259855453350854,1.0226161233928612,0.031482342007435,3.2857142857142856,8.75,-0.843750000000004,4.6752543923441445,-0.3699980975000017,-0.3407475650310516,-0.0940485894680023,-0.1588839143514633,0.27594950803199936
mp-1071848,Pr2Sb,Pr,0.6666666666666667,0.1942446043165467,0.92,0.1572766097240472,0.3366084666622408,0.3641960966542751,0.3095238095238095,5.0,-37.61777777777777,5.291978795186446,-1.0010092261111083,-1.0492119789123535,-1.160982966423035,-1.0389748811721802,-0.15997374031192657
mp-1102202,PrSb2,Pr,0.3333333333333333,0.1942446043165467,0.92,0.1572766097240472,0.3366084666622408,0.3641960966542751,0.3095238095238095,5.0,-37.617777777777775,5.291978795186446,-0.9422205013888884,-0.9518868923187256,-1.0770057439804075,-0.9649792313575744,-0.13478524259151914
mp-1190256,Pr5Sb3,Pr,0.625,0.1942446043165467,0.92,0.1572766097240472,0.3366084666622408,0.3641960966542751,0.3095238095238095,5.0,-39.675,5.500236762028835,-1.122030110416663,-1.1384365558624268,-1.2696212530136108,-1.1226346492767334,-0.14759114259694783
mp-1484,Pr4Sb3,Pr,0.5714285714285714,0.1942446043165467,0.92,0.1572766097240472,0.3366084666622408,0.3641960966542751,0.3095238095238095,5.0,-41.45632653061224,5.677697982463094,-1.2432366380952382,-1.2318789958953855,-1.3606168031692505,-1.2827438116073608,-0.11738016507401228
mp-1785,PrSb,Pr,0.5,0.1942446043165467,0.92,0.1572766097240472,0.3366084666622408,0.3641960966542751,0.3095238095238095,5.0,-42.31999999999999,5.762825659158757,-1.4281947458333306,-1.4480925798416138,-1.5637794733047483,-1.4500795602798462,-0.1355847274714177
mp-975802,PrSb3,Pr,0.25,0.1942446043165467,0.92,0.1572766097240472,0.3366084666622408,0.3641960966542751,0.3095238095238095,5.0,-31.739999999999995,4.6752543923441445,-0.642842730416664,-0.7086511254310608,-0.8609112501144409,-0.6713575124740601,-0.21806851969777696
mp-1030,SbPt7,Pt,0.875,0.0647482014388488,0.2299999999999999,0.6021681997371879,1.2588461793799377,0.0407760223048326,4.476190476190476,9.375,-1.1571874999999998,3.1324671206693875,-0.1145051387500046,-0.2142538130283355,-0.2178781479597091,-0.2185972183942794,-0.1033730092097045
mp-1078755,SbPt3,Pt,0.75,0.0647482014388488,0.2299999999999999,0.6021681997371879,1.2588461793799377,0.0407760223048326,4.476190476190476,8.75,-1.98375,4.6752543923441445,-0.2016672662499985,-0.2614887654781341,-0.245965376496315,-0.2438144087791443,-0.0442981102463165
mp-15659,Sb2Pt3,Pt,0.6,0.0647482014388488,0.2299999999999999,0.6021681997371879,1.2588461793799377,0.0407760223048326,4.476190476190476,8.0,-2.5392,5.59541899949833,-0.397662213000001,-0.3999665975570678,-0.3395304083824157,-0.3145188391208648,0.05813180461758527
mp-2845,SbPt,Pt,0.5,0.0647482014388488,0.2299999999999999,0.6021681997371879,1.2588461793799377,0.0407760223048326,4.476190476190476,7.5,-2.645,5.762825659158757,-0.4459114024999948,-0.3500553965568542,-0.2984093427658081,-0.29340460896492,0.14750205973418667
mp-562,Sb2Pt,Pt,0.3333333333333333,0.0647482014388488,0.2299999999999999,0.6021681997371879,1.2588461793799377,0.0407760223048326,4.476190476190476,6.666666666666667,-2.351111111111111,5.291978795186446,-0.5418041466666637,-0.313521534204483,-0.2600378096103668,-0.2664668262004852,0.28176633705629683
mp-1102456,PuSb2,Pu,0.3333333333333333,0.079136690647482,0.7699999999999998,1.0039421813403415,0.0096483657527274,0.299953531598513,0.0,6.0,-26.3511111111111,5.291978795186446,-0.471652302083329,-0.3156895041465759,-0.5057892203330994,-0.4612607061862945,-0.03413691824977039
mp-1186820,PuSb3,Pu,0.25,0.079136690647482,0.7699999999999998,1.0039421813403415,0.0096483657527274,0.299953531598513,0.0,5.75,-22.233749999999983,4.6752543923441445,-0.367506452187496,-0.3788641989231109,-0.4996931850910187,-0.3852034211158752,-0.13218673290352267
mp-1209614,Pu4Sb3,Pu,0.5714285714285714,0.079136690647482,0.7699999999999998,1.0039421813403415,0.0096483657527274,0.299953531598513,0.0,6.714285714285714,-29.03999999999998,5.677697982463094,-0.515466583571416,-0.5662457942962646,-0.7878510355949402,-0.8791918158531189,-0.27238445202352424
mp-19933,PuSb,Pu,0.5,0.079136690647482,0.7699999999999998,1.0039421813403415,0.0096483657527274,0.299953531598513,0.0,6.5,-29.644999999999985,5.762825659158757,-0.4758227543749918,-0.4716233611106872,-0.7230291366577148,-0.8603954315185547,-0.24720638228272307
mp-21263,PuSb,Pu,0.5,0.079136690647482,0.7699999999999998,1.0039421813403415,0.0096483657527274,0.299953531598513,0.0,6.5,-29.644999999999985,5.762825659158757,-0.4373093293749939,-0.4902197122573852,-0.7230291366577148,-0.8603954315185547,-0.28571980728272095
mp-2566,PuSb,Pu,0.5,0.079136690647482,0.7699999999999998,1.0039421813403415,0.0096483657527274,0.299953531598513,0.0,6.5,-29.644999999999985,5.762825659158757,-0.4974181293749957,-0.4663389325141907,-0.7230291366577148,-0.8603954315185547,-0.22561100728271916
mp-863035,PuSb3,Pu,0.25,0.079136690647482,0.7699999999999998,1.0039421813403415,0.0096483657527274,0.299953531598513,0.0,5.75,-22.233749999999983,4.6752543923441445,-0.3680600184374984,-0.375987559556961,-0.4996931850910187,-0.3852034211158752,-0.13163316665352026
mp-10487,RbSb,Rb,0.5,0.5179856115107914,1.23,0.298045335085414,0.6541193653322711,0.5147537174721191,0.9404761904761904,3.0,-75.645,5.762825659158757,-0.5151359468749983,-0.5173582434654236,-0.8241814970970154,-0.6333997249603271,-0.3090455502220171
mp-1219574,Rb5Sb4,Rb,0.5555555555555556,0.5179856115107914,1.23,0.298045335085414,0.6541193653322711,0.5147537174721191,0.9404761904761904,2.7777777777777777,-74.71111111111111,5.711398547813519,-0.494078151944444,-0.5896804928779602,-0.8611019849777222,-0.5857466459274292,-0.3670238330332782
mp-16319,Rb3Sb,Rb,0.75,0.5179856115107914,1.23,0.298045335085414,0.6541193653322711,0.5147537174721191,0.9404761904761904,2.0,-56.73375,4.6752543923441445,-0.3956748793750004,-0.4253245890140533,-0.6015034317970276,-0.505653440952301,-0.2058285524220272
mp-33018,Rb3Sb,Rb,0.75,0.5179856115107914,1.23,0.298045335085414,0.6541193653322711,0.5147537174721191,0.9404761904761904,2.0,-56.73375,4.6752543923441445,-0.3821798056249998,-0.4379262924194336,-0.6015034317970276,-0.505653440952301,-0.21932362617202777
mp-568018,RbSb2,Rb,0.3333333333333333,0.5179856115107914,1.23,0.298045335085414,0.6541193653322711,0.5147537174721191,0.9404761904761904,3.6666666666666674,-67.24,5.291978795186446,-0.4091000075000034,-0.5931764245033264,-0.7285352945327759,-0.4652211964130401,-0.31943528703277246
mp-7444,RbSb,Rb,0.5,0.5179856115107914,1.23,0.298045335085414,0.6541193653322711,0.5147537174721191,0.9404761904761904,3.0,-75.645,5.762825659158757,-0.514117671249998,-0.5200768113136292,-0.8241814970970154,-0.6333997249603271,-0.3100638258470174
mp-20619,SbRh,Rh,0.5,0.1007194244604316,0.2299999999999999,0.1548127463863338,1.4751598840425768,0.1334804832713755,5.547619047619048,7.0,-2.645,5.762825659158757,-0.5287125749999966,-0.390149712562561,-0.2035140544176101,-0.2130202651023864,0.32519852058238646
mp-21359,SbRh2,Rh,0.6666666666666667,0.1007194244604316,0.2299999999999999,0.1548127463863338,1.4751598840425768,0.1334804832713755,5.547619047619048,7.666666666666667,-2.3511111111111105,5.291978795186446,-0.3750520916666649,-0.4105517268180847,-0.2373029142618179,-0.2055822610855102,0.13774917740484702
mp-2395,Sb3Rh,Rh,0.25,0.1007194244604316,0.2299999999999999,0.1548127463863338,1.4751598840425768,0.1334804832713755,5.547619047619048,6.0,-1.98375,4.6752543923441445,-0.4443963125000003,-0.3771376609802246,-0.1468527168035507,-0.1901629418134689,0.2975435956964496
mp-2682,Sb2Rh,Rh,0.3333333333333333,0.1007194244604316,0.2299999999999999,0.1548127463863338,1.4751598840425768,0.1334804832713755,5.547619047619048,6.333333333333334,-2.351111111111111,5.291978795186446,-0.5086444583333313,-0.4784587919712066,-0.233501985669136,-0.2433013021945953,0.2751424726641953
mp-973342,SbRh3,Rh,0.75,0.1007194244604316,0.2299999999999999,0.1548127463863338,1.4751598840425768,0.1334804832713755,5.547619047619048,8.0,-1.98375,4.6752543923441445,-0.2760436525000003,-0.2743839621543884,-0.121748462319374,-0.1579225361347198,0.1542951901806263
mp-20928,Sb2Ru,Ru,0.3333333333333333,0.1007194244604316,0.1500000000000003,0.1699244415243102,1.8845515501560115,0.1448652416356878,4.238095238095238,6.0,-1.0000000000000049,5.291978795186446,-0.2889759533333347,-0.2742660939693451,-0.4305259585380554,-0.3287723064422607,-0.14155000520472072
mp-7565,SbRu,Ru,0.5,0.1007194244604316,0.1500000000000003,0.1699244415243102,1.8845515501560115,0.1448652416356878,4.238095238095238,6.5,-1.125000000000005,5.762825659158757,-0.1555212300000015,-0.4048282206058502,-0.4914429485797882,-0.3358532786369324,-0.3359217185797867
mp-1189633,Sb2S3,S,0.6,0.2661870503597122,0.5300000000000002,0.7366130091984231,0.5702493969771405,0.203531598513011,0.8166666666666667,5.6,-13.48320000000001,5.59541899949833,-0.2866360541874996,-0.2686460316181183,-0.3963183760643005,-0.6295831799507141,-0.10968232187680088
mp-1359089,Sb2S5,S,0.7142857142857143,0.2661870503597122,0.5300000000000002,0.7366130091984231,0.5702493969771405,0.203531598513011,0.8166666666666667,5.7142857142857135,-11.46530612244899,4.9740133594812015,-0.1250516849553581,-0.1963120251893997,-0.2516060471534729,-0.4702014327049255,-0.1265543621981148
mp-2809,Sb2S3,S,0.6,0.2661870503597122,0.5300000000000002,0.7366130091984231,0.5702493969771405,0.203531598513011,0.8166666666666667,5.6,-13.48320000000001,5.59541899949833,-0.2872430251874988,-0.2665649056434631,-0.3963183760643005,-0.6295831799507141,-0.1090753508768017
mp-753921,Sb11S18,S,0.6206896551724138,0.2661870503597122,0.5300000000000002,0.7366130091984231,0.5702493969771405,0.203531598513011,0.8166666666666667,5.620689655172415,-13.226682520808572,5.518213785967504,-0.2124321532273707,-0.2529247403144836,-0.3807872831821441,-0.6269659399986267,-0.16835512995477342
mp-767208,Sb17S27,S,0.6136363636363636,0.2661870503597122,0.5300000000000002,0.7366130091984231,0.5702493969771405,0.203531598513011,0.8166666666666667,5.613636363636363,-13.319535123966954,5.546216806626676,-0.2259308473615068,-0.2521218061447143,-0.3831463754177093,-0.6255956292152405,-0.1572155280562025
mp-1197755,Sc5Sb3,Sc,0.625,0.0359712230215827,0.6899999999999997,0.630749014454665,1.0071256279182987,0.2378020446096654,0.3571428571428571,3.75,-22.31718749999998,5.500236762028835,-0.9550924381249964,-0.9452373385429382,-0.6284106373786926,-0.5932068228721619,0.3266818007463038
mp-1209044,Sc5Sb3,Sc,0.625,0.0359712230215827,0.6899999999999997,0.630749014454665,1.0071256279182987,0.2378020446096654,0.3571428571428571,3.75,-22.31718749999998,5.500236762028835,-0.9540124143749972,-0.9485946893692015,-0.6284106373786926,-0.5932068228721619,0.32560177699630455
mp-549,ScSb,Sc,0.5,0.0359712230215827,0.6899999999999997,0.630749014454665,1.0071256279182987,0.2378020446096654,0.3571428571428571,4.0,-23.804999999999986,5.762825659158757,-1.1039902674999986,-0.807330846786499,-0.5630556344985962,-0.5653629899024963,0.5409346330014024
mp-7192,Sc2Sb,Sc,0.6666666666666667,0.0359712230215827,0.6899999999999997,0.630749014454665,1.0071256279182987,0.2378020446096654,0.3571428571428571,3.666666666666666,-21.159999999999982,5.291978795186446,-0.8804195516666672,-0.8844123482704163,-0.6448737978935242,-0.545922040939331,0.23554575377314302
mp-978546,Sc3Sb,Sc,0.75,0.0359712230215827,0.6899999999999997,0.630749014454665,1.0071256279182987,0.2378020446096654,0.3571428571428571,3.5,-17.853749999999987,4.6752543923441445,-0.5718203600000002,-0.6616784334182739,-0.4401744306087494,-0.4391502737998962,0.13164592939125086
mp-1179704,Sb2Se3,Se,0.6,0.1366906474820143,0.5,0.3515111695137977,0.4534068025404412,0.1328996282527881,0.8023809523809524,5.6,-12.0,5.59541899949833,-0.2093115684375021,-0.2298715263605117,-0.2087746113538742,-0.1620226949453354,0.000536957083627887
mp-2160,Sb2Se3,Se,0.6,0.1366906474820143,0.5,0.3515111695137977,0.4534068025404412,0.1328996282527881,0.8023809523809524,5.6,-12.0,5.59541899949833,-0.2844945879375018,-0.1922045201063156,-0.2087746113538742,-0.1620226949453354,0.07571997658362761
mp-672706,Sb2Se3,Se,0.6,0.1366906474820143,0.5,0.3515111695137977,0.4534068025404412,0.1328996282527881,0.8023809523809524,5.6,-12.0,5.59541899949833,-0.1894007674375018,-0.2399991750717163,-0.2087746113538742,-0.1620226949453354,-0.019373843916372396
mp-1077018,Sm2Sb,Sm,0.6666666666666667,0.1942446043165467,0.8799999999999999,0.2348883048620237,0.4881940295204585,0.3443308550185874,0.2857142857142857,7.0,-34.41777777777777,5.291978795186446,-0.9922304250000024,-0.8894315958023071,-0.8153730034828186,-1.0256580114364624,0.17685742151718375
mp-1208933,Sm2Sb5,Sm,0.2857142857142857,0.1942446043165467,0.8799999999999999,0.2348883048620237,0.4881940295204585,0.3443308550185874,0.2857142857142857,5.857142857142858,-31.60816326530612,4.9740133594812015,-0.8058060364285738,-0.8547224402427673,-0.7485998272895813,-0.8189806938171387,0.05720620913899255
mp-2281,SmSb,Sm,0.5,0.1942446043165467,0.8799999999999999,0.2348883048620237,0.4881940295204585,0.3443308550185874,0.2857142857142857,6.5,-38.71999999999999,5.762825659158757,-1.4182422800000012,-1.303952932357788,-1.1942392587661743,-1.3687759637832642,0.22400302123382687
mp-29647,SmSb2,Sm,0.3333333333333333,0.1942446043165467,0.8799999999999999,0.2348883048620237,0.4881940295204585,0.3443308550185874,0.2857142857142857,6.0,-34.41777777777777,5.291978795186446,-0.9165387758333358,-0.9423370361328124,-0.8718014359474182,-0.977298140525818,0.04473733988591755
mp-367,Sm4Sb3,Sm,0.5714285714285714,0.1942446043165467,0.8799999999999999,0.2348883048620237,0.4881940295204585,0.3443308550185874,0.2857142857142857,6.714285714285714,-37.92979591836734,5.677697982463094,-1.2260479450000008,-1.2410968542099,-1.1386045217514038,-1.2124518156051636,0.087443423248597
mp-980757,Sm5Sb3,Sm,0.625,0.1942446043165467,0.8799999999999999,0.2348883048620237,0.4881940295204585,0.3443308550185874,0.2857142857142857,6.875,-36.29999999999999,5.500236762028835,-1.121722890000001,-1.1218067407608032,-1.0260111093521118,-1.102028489112854,0.0957117806478891
mp-10635,SnSb,Sn,0.5,0.0,0.0899999999999998,0.0250492772667543,0.4411250525570381,0.1468401486988848,0.2619047619047619,4.5,-0.4049999999999987,5.762825659158757,0.0376338649999965,0.0674665197730064,-0.1909908801317215,-0.196111649274826,-0.228624745131718
mp-1179352,SnSb,Sn,0.5,0.0,0.0899999999999998,0.0250492772667543,0.4411250525570381,0.1468401486988848,0.2619047619047619,4.5,-0.4049999999999987,5.762825659158757,0.085330053749999,0.0291575454175472,-0.1909908801317215,-0.196111649274826,-0.2763209338817205
mp-1187037,Sn3Sb,Sn,0.75,0.0,0.0899999999999998,0.0250492772667543,0.4411250525570381,0.1468401486988848,0.2619047619047619,4.25,-0.3037499999999991,4.6752543923441445,0.0808121274999997,0.045870441943407,-0.1776126772165298,-0.1247633174061775,-0.2584248047165295
mp-10636,SrSb2,Sr,0.3333333333333333,0.381294964028777,1.1,0.2803876478318002,0.1617871605921795,0.3384061338289963,0.7142857142857143,4.000000000000001,-53.77777777777777,5.291978795186446,-0.7955539666666667,-0.8611633777618408,-0.8025732040405273,-0.7993847131729126,-0.007019237373860676
mp-1546669,Sr11Sb10,Sr,0.5238095238095238,0.381294964028777,1.1,0.2803876478318002,0.1617871605921795,0.3384061338289963,0.7142857142857143,3.428571428571429,-60.3628117913832,5.753395789595571,-1.1598591542857168,-1.05999755859375,-0.9788308143615724,-1.1009962558746338,0.18102833992414447
mp-15624,Sr2Sb,Sr,0.6666666666666667,0.381294964028777,1.1,0.2803876478318002,0.1617871605921795,0.3384061338289963,0.7142857142857143,3.0,-53.77777777777776,5.291978795186446,-0.918589409999998,-0.9343277812004088,-0.8640193939208984,-0.9246752858161926,0.054570016079099615
mp-16475,Sr11Sb10,Sr,0.5238095238095238,0.381294964028777,1.1,0.2803876478318002,0.1617871605921795,0.3384061338289963,0.7142857142857143,3.428571428571429,-60.3628117913832,5.753395789595571,-1.0662746819047615,-1.1312817335128784,-0.9788308143615724,-1.1009962558746338,0.08744386754318911
mp-16897,Sr2Sb3,Sr,0.4,0.381294964028777,1.1,0.2803876478318002,0.1617871605921795,0.3384061338289963,0.7142857142857143,3.8,-58.079999999999984,5.59541899949833,-0.9137296557499994,-1.0210044384002686,-1.002979397773743,-0.9712432026863098,-0.08924974202374347
mp-17739,Sr5Sb3,Sr,0.625,0.381294964028777,1.1,0.2803876478318002,0.1617871605921795,0.3384061338289963,0.7142857142857143,3.125,-56.71874999999999,5.500236762028835,-1.0656845696875,-1.0491552352905271,-0.9853019714355468,-1.022782802581787,0.08038259825195315
mp-2585,Sr5Sb3,Sr,0.625,0.381294964028777,1.1,0.2803876478318002,0.1617871605921795,0.3384061338289963,0.7142857142857143,3.125,-56.71874999999999,5.500236762028835,-1.0670417956250002,-1.0586540699005127,-0.9853019714355468,-1.022782802581787,0.08173982418945347
mp-11697,TaSb2,Ta,0.3333333333333333,0.0071942446043165,0.5499999999999998,0.4861202365308802,2.640266436522163,0.1229089219330855,3.761904761904762,5.0,-13.444444444444438,5.291978795186446,-0.1680856907777771,-0.1157190427184104,-0.3052010238170624,-0.3230376541614532,-0.13711533303928528
mp-2598,Ta5Sb4,Ta,0.5555555555555556,0.0071942446043165,0.5499999999999998,0.4861202365308802,2.640266436522163,0.1229089219330855,3.761904761904762,5.0,-14.938271604938262,5.711398547813519,-0.1921328029629623,-0.297976016998291,-0.409945011138916,-0.4260720610618591,-0.2178122081759537
mp-541,Ta3Sb,Ta,0.75,0.0071942446043165,0.5499999999999998,0.4861202365308802,2.640266436522163,0.1229089219330855,3.761904761904762,5.0,-11.343749999999991,4.6752543923441445,-0.1476270392500041,-0.1365967690944671,-0.3225019574165344,-0.3115188777446747,-0.17487491816653034
mp-1095657,TbSb2,Tb,0.3333333333333333,0.143884892086331,0.8499999999999999,0.305272667542707,0.8024297948615814,0.3187732342007435,0.0714285714285714,7.0,-32.11111111111111,5.291978795186446,-0.8702735616666644,-0.890001118183136,-0.8577697277069092,-0.7551597356796265,0.012503833959755184
mp-16230,Tb5Sb3,Tb,0.625,0.143884892086331,0.8499999999999999,0.305272667542707,0.8024297948615814,0.3187732342007435,0.0714285714285714,8.75,-33.86718749999999,5.500236762028835,-1.088051921249999,-1.0894256830215454,-1.072557806968689,-1.0213558673858645,0.01549411428131009
mp-2045,Tb4Sb3,Tb,0.5714285714285714,0.143884892086331,0.8499999999999999,0.305272667542707,0.8024297948615814,0.3187732342007435,0.0714285714285714,8.428571428571429,-35.387755102040806,5.677697982463094,-1.181716515000001,-1.197863221168518,-1.2022217512130735,-1.122758388519287,-0.02050523621307243
mp-2724,TbSb,Tb,0.5,0.143884892086331,0.8499999999999999,0.305272667542707,0.8024297948615814,0.3187732342007435,0.0714285714285714,8.0,-36.12499999999999,5.762825659158757,-1.3885209500000002,-1.3214123249053955,-1.3345757722854614,-1.279525876045227,0.05394517771453877
mp-641945,Tb2Sb5,Tb,0.2857142857142857,0.143884892086331,0.8499999999999999,0.305272667542707,0.8024297948615814,0.3187732342007435,0.0714285714285714,6.714285714285714,-29.489795918367346,4.9740133594812015,-0.7695822217857133,-0.7919752597808838,-0.8054803609848022,-0.7435001134872437,-0.03589813919908891
mp-1078331,Sb2Te3,Te,0.6,0.0071942446043165,0.0500000000000002,0.04796320630749,0.2003584943238398,0.0467007434944237,0.8452380952380952,5.6,-0.1200000000000012,5.59541899949833,-0.342859593999998,-0.3411501049995422,0.044543407857418,-0.0409896150231361,0.387403001857416
mp-1201,Sb2Te3,Te,0.6,0.0071942446043165,0.0500000000000002,0.04796320630749,0.2003584943238398,0.0467007434944237,0.8452380952380952,5.6,-0.1200000000000012,5.59541899949833,-0.3831998460000022,-0.3180691003799438,0.044543407857418,-0.0409896150231361,0.4277432538574202
mp-1219462,SbTe2,Te,0.6666666666666667,0.0071942446043165,0.0500000000000002,0.04796320630749,0.2003584943238398,0.0467007434944237,0.8452380952380952,5.666666666666666,-0.1111111111111122,5.291978795186446,-0.3264604377777758,-0.2911199927330017,0.065437838435173,-0.0226724557578563,0.3918982762129488
mp-1219477,Sb2Te,Te,0.3333333333333333,0.0071942446043165,0.0500000000000002,0.04796320630749,0.2003584943238398,0.0467007434944237,0.8452380952380952,5.333333333333334,-0.1111111111111123,5.291978795186446,-0.1265273238888884,-0.2154697924852371,0.1188469901680946,0.0184970162808895,0.245374314056983
mp-12826,Sb8Te3,Te,0.2727272727272727,0.0071942446043165,0.0500000000000002,0.04796320630749,0.2003584943238398,0.0467007434944237,0.8452380952380952,5.272727272727273,-0.0991735537190093,4.871610068559094,-0.1805834863636351,-0.1730665564537048,0.1095481887459755,0.0186325702816247,0.2901316751096106
mp-640862,Sb16Te3,Te,0.1578947368421053,0.0071942446043165,0.0500000000000002,0.04796320630749,0.2003584943238398,0.0467007434944237,0.8452380952380952,5.157894736842105,-0.0664819944598345,3.6262535732371246,-0.1134990747368415,0.0015317340148612,0.1778099238872528,0.0156100345775485,0.2913089986240943
mp-6997,Sb2Te,Te,0.3333333333333333,0.0071942446043165,0.0500000000000002,0.04796320630749,0.2003584943238398,0.0467007434944237,0.8452380952380952,5.333333333333334,-0.1111111111111123,5.291978795186446,-0.2041016111111086,-0.170412078499794,0.1188469901680946,0.0184970162808895,0.3229486012792032
mp-7716,SbTe,Te,0.5,0.0071942446043165,0.0500000000000002,0.04796320630749,0.2003584943238398,0.0467007434944237,0.8452380952380952,5.5,-0.1250000000000013,5.762825659158757,-0.3134569983333328,-0.2267113626003265,0.0771143063902854,-0.0018754531629383,0.3905713047236182
mp-10637,ThSb,Th,0.5,0.1870503597122302,0.7499999999999998,0.9057161629434952,1.238376596074266,0.2673094795539033,0.2857142857142857,4.5,-28.124999999999982,5.762825659158757,-0.994586049999988,-1.0961626768112185,-0.910624384880066,-0.7831547856330872,0.08396166511992198
mp-1751,ThSb,Th,0.5,0.1870503597122302,0.7499999999999998,0.9057161629434952,1.238376596074266,0.2673094795539033,0.2857142857142857,4.5,-28.124999999999982,5.762825659158757,-1.0829929199999953,-1.0166847705841064,-0.910624384880066,-0.7831547856330872,0.17236853511992922
mp-552,Th3Sb4,Th,0.4285714285714286,0.1870503597122302,0.7499999999999998,0.9057161629434952,1.238376596074266,0.2673094795539033,0.2857142857142857,4.571428571428571,-27.551020408163247,5.677697982463094,-1.1034330542857125,-0.9543725252151488,-0.8052811622619629,-0.7894890308380127,0.2981518920237496
mp-7568,ThSb2,Th,0.3333333333333333,0.1870503597122302,0.7499999999999998,0.9057161629434952,1.238376596074266,0.2673094795539033,0.2857142857142857,4.666666666666667,-24.999999999999982,5.291978795186446,-0.9232054816666656,-0.777815043926239,-0.6981952786445618,-0.6737141013145447,0.22501020302210384
mp-1206780,Ti2Sb,Ti,0.6666666666666667,0.0215827338129495,0.5099999999999998,0.6068495400788437,1.147646551151829,0.2067843866171003,1.619047619047619,4.333333333333333,-11.55999999999999,5.291978795186446,-0.5261631577777782,-0.4728592038154602,-0.2629745304584503,-0.2168570905923843,0.2631886273193279
mp-1217255,Ti13Sb3,Ti,0.8125,0.0215827338129495,0.5099999999999998,0.6068495400788437,1.147646551151829,0.2067843866171003,1.619047619047619,4.1875,-7.924921874999993,4.01214987686505,-0.2741017022916665,-0.3908582925796509,-0.2062928378582,-0.1577001214027404,0.06780886443346654
mp-1412,Ti3Sb,Ti,0.75,0.0215827338129495,0.5099999999999998,0.6068495400788437,1.147646551151829,0.2067843866171003,1.619047619047619,4.25,-9.753749999999991,4.6752543923441445,-0.4325562700000027,-0.3484701514244079,-0.1577552258968353,-0.1459599286317825,0.2748010441031674
mp-2187,TiSb,Ti,0.5,0.0215827338129495,0.5099999999999998,0.6068495400788437,1.147646551151829,0.2067843866171003,1.619047619047619,4.5,-13.004999999999988,5.762825659158757,-0.553936993333334,-0.6039539575576782,-0.4309283196926117,-0.2643781900405884,0.12300867364072232
mp-22033,Ti5Sb3,Ti,0.625,0.0215827338129495,0.5099999999999998,0.6068495400788437,1.147646551151829,0.2067843866171003,1.619047619047619,4.375,-12.192187499999989,5.500236762028835,-0.5467133816666667,-0.5729539394378662,-0.3910475671291351,-0.2494425624608993,0.15566581453753164
mp-568,TiSb2,Ti,0.3333333333333333,0.0215827338129495,0.5099999999999998,0.6068495400788437,1.147646551151829,0.2067843866171003,1.619047619047619,4.666666666666667,-11.55999999999999,5.291978795186446,-0.408970595555554,-0.3945371508598327,-0.2321584522724151,-0.1625315696001052,0.17681214328313888
mp-569837,Ti3Sb,Ti,0.75,0.0215827338129495,0.5099999999999998,0.6068495400788437,1.147646551151829,0.2067843866171003,1.619047619047619,4.25,-9.753749999999991,4.6752543923441445,-0.377258393125004,-0.3886818587779999,-0.1577552258968353,-0.1459599286317825,0.21950316722816868
mp-1002219,TlSb,Tl,0.5,0.0647482014388489,0.4299999999999997,0.6785479632063074,0.3615702936555356,0.2904275092936804,0.1428571428571428,4.0,-9.244999999999989,5.762825659158757,0.0564157526190527,-0.2536377310752868,-0.2543517351150512,-0.1296202093362808,-0.3107674877341039
mp-1187486,Tl3Sb,Tl,0.75,0.0647482014388489,0.4299999999999997,0.6785479632063074,0.3615702936555356,0.2904275092936804,0.1428571428571428,3.5,-6.933749999999991,4.6752543923441445,-0.0040537675000038,-0.0785494744777679,-0.1203435435891151,-0.0552821941673755,-0.1162897760891113
mp-621624,Tl7Sb2,Tl,0.7777777777777778,0.0647482014388489,0.4299999999999997,0.6785479632063074,0.3615702936555356,0.2904275092936804,0.1428571428571428,3.4444444444444446,-6.3916049382715965,4.403977338948712,-0.0227258614814858,0.0266586244106292,-0.0585243925452232,-0.0554938130080699,-0.0357985310637374
mp-1187662,TmSb3,Tm,0.25,0.1223021582733814,0.7999999999999998,0.3874014454664914,1.0115514837681738,0.2815985130111524,0.0714285714285714,7.5,-23.99999999999999,4.6752543923441445,-0.5506424074999963,-0.6227443218231201,-0.6001429557800293,-0.631168782711029,-0.04950054828003303
mp-17861,Tm3Sb,Tm,0.75,0.1223021582733814,0.7999999999999998,0.3874014454664914,1.0115514837681738,0.2815985130111524,0.0714285714285714,12.5,-23.99999999999999,4.6752543923441445,-0.6574495096875026,-0.8253359198570251,-0.798275351524353,-0.7259494066238403,-0.14082584183685043
mp-2520,TmSb,Tm,0.5,0.1223021582733814,0.7999999999999998,0.3874014454664914,1.0115514837681738,0.2815985130111524,0.0714285714285714,10.0,-31.999999999999982,5.762825659158757,-1.2923218350000027,-1.1747628450393677,-1.150074481964111,-1.194235920906067,0.14224735303589164
mp-543052,Tm5Sb3,Tm,0.625,0.1223021582733814,0.7999999999999998,0.3874014454664914,1.0115514837681738,0.2815985130111524,0.0714285714285714,11.25,-29.999999999999982,5.500236762028835,-1.0015026675000025,-0.9450021982192992,-0.8967075347900391,-0.9988221526145936,0.10479513270996343
mp-972463,Tm5Sb3,Tm,0.625,0.1223021582733814,0.7999999999999998,0.3874014454664914,1.0115514837681738,0.2815985130111524,0.0714285714285714,11.25,-29.999999999999982,5.500236762028835,-0.9913320075000024,-0.9605026245117188,-0.8967075347900391,-0.9988221526145936,0.09462447270996333
mp-177,USb,U,0.5,0.0215827338129496,0.6699999999999999,0.9549113009198422,0.5545818672685832,0.2804368029739778,1.380952380952381,5.5,-22.445,5.762825659158757,-0.5763183824999984,-0.5201645493507385,-0.2360984981060028,-0.4850561916828155,0.34021988439399564
mp-1975094,U3Sb4,U,0.4285714285714286,0.0215827338129496,0.6699999999999999,0.9549113009198422,0.5545818672685832,0.2804368029739778,1.380952380952381,5.428571428571429,-21.9869387755102,5.677697982463094,-0.6281674049999992,-0.6154068112373352,-0.2425771355628967,-0.4454528093338012,0.3855902694371025
mp-2707,USb2,U,0.3333333333333333,0.0215827338129496,0.6699999999999999,0.9549113009198422,0.5545818672685832,0.2804368029739778,1.380952380952381,5.333333333333334,-19.95111111111111,5.291978795186446,-0.5145002499999975,-0.3240936398506164,-0.152938887476921,-0.3777614235877991,0.3615613625230766
mp-392,U3Sb4,U,0.4285714285714286,0.0215827338129496,0.6699999999999999,0.9549113009198422,0.5545818672685832,0.2804368029739778,1.380952380952381,5.428571428571429,-21.9869387755102,5.677697982463094,-0.62332023928572,-0.6173123717308044,-0.2425771355628967,-0.4454528093338012,0.3807431037228233
mp-519,USb,U,0.5,0.0215827338129496,0.6699999999999999,0.9549113009198422,0.5545818672685832,0.2804368029739778,1.380952380952381,5.5,-22.445,5.762825659158757,-0.5050172912499917,-0.5695322751998901,-0.2360984981060028,-0.4850561916828155,0.2689187931439889
mp-1555,V3Sb,V,0.75,0.0359712230215826,0.4199999999999999,0.5816360052562418,1.4154108300692647,0.2163104089219331,2.857142857142857,5.0,-6.6149999999999975,4.6752543923441445,-0.2632513287500018,-0.184384286403656,-0.3142459988594055,-0.2888059616088867,-0.05099467010940373
mp-2851,VSb2,V,0.3333333333333333,0.0359712230215826,0.4199999999999999,0.5816360052562418,1.4154108300692647,0.2163104089219331,2.857142857142857,5.0,-7.839999999999998,5.291978795186446,-0.0608394849999977,-0.2634503245353699,-0.3155480623245239,-0.3207294344902038,-0.25470857732452623
mp-29617,V3Sb2,V,0.6,0.0359712230215826,0.4199999999999999,0.5816360052562418,1.4154108300692647,0.2163104089219331,2.857142857142857,5.0,-8.467199999999997,5.59541899949833,-0.2012676700000014,-0.2192611694335937,-0.3295966684818268,-0.3373193740844726,-0.12832899848182538
mp-30536,V5Sb4,V,0.5555555555555556,0.0359712230215826,0.4199999999999999,0.5816360052562418,1.4154108300692647,0.2163104089219331,2.857142857142857,5.0,-8.711111111111107,5.711398547813519,-0.1664376311111116,-0.1827306449413299,-0.3052833080291748,-0.3181289434432983,-0.1388456769180632
mp-1189138,Y5Sb3,Y,0.625,0.1654676258992807,0.8299999999999998,0.2697930354796321,0.9905286684812676,0.2777648698884759,0.0238095238095238,3.75,-32.29218749999999,5.500236762028835,-1.0839009074999986,-1.0761260986328125,-1.095455765724182,-1.033789873123169,-0.01155485822418334
mp-1196393,Y3Sb,Y,0.75,0.1654676258992807,0.8299999999999998,0.2697930354796321,0.9905286684812676,0.2777648698884759,0.0238095238095238,3.5,-25.833749999999988,4.6752543923441445,-0.7146143390625035,-0.8043728470802307,-0.8132524490356445,-0.8116431832313538,-0.09863810997314104
mp-1207789,Y5Sb3,Y,0.625,0.1654676258992807,0.8299999999999998,0.2697930354796321,0.9905286684812676,0.2777648698884759,0.0238095238095238,3.75,-32.29218749999999,5.500236762028835,-1.0776745481249996,-1.0797462463378906,-1.095455765724182,-1.033789873123169,-0.017781217599182275
mp-215,YSb,Y,0.5,0.1654676258992807,0.8299999999999998,0.2697930354796321,0.9905286684812676,0.2777648698884759,0.0238095238095238,4.0,-34.444999999999986,5.762825659158757,-1.3863548849999994,-1.4395794868469238,-1.497688055038452,-1.2822881937026978,-0.11133317003845256
mp-568320,Y4Sb3,Y,0.5714285714285714,0.1654676258992807,0.8299999999999998,0.2697930354796321,0.9905286684812676,0.2777648698884759,0.0238095238095238,3.8571428571428577,-33.742040816326515,5.677697982463094,-1.1679693428571465,-1.17786705493927,-1.1970609426498413,-1.127408742904663,-0.029091599792694822
mp-1916,YbSb,Yb,0.5,0.223021582733813,0.9499999999999996,0.4212385019710907,0.2137909668282104,0.2734665427509294,0.6904761904761905,10.5,-45.12499999999998,5.762825659158757,-1.271971607500003,-1.169632911682129,-1.256807804107666,-1.2428326606750488,0.015163803392336916
mp-201,Yb5Sb3,Yb,0.625,0.223021582733813,0.9499999999999996,0.4212385019710907,0.2137909668282104,0.2734665427509294,0.6904761904761905,11.875,-42.30468749999998,5.500236762028835,-0.972330813124998,-1.0338879823684692,-1.0450842380523682,-1.0802044868469238,-0.07275342492737014
mp-1191566,Zn6Sb5,Zn,0.5454545454545454,0.1223021582733812,0.3999999999999999,0.463042049934297,0.233552413197902,0.091310408921933,0.6666666666666666,8.818181818181818,-7.933884297520658,5.728422808678312,-0.026090997272728,-0.0535050593316555,-0.0748014003038406,0.0399583019316196,-0.0487104030311126
mp-570748,Zn13Sb10,Zn,0.5652173913043479,0.1223021582733812,0.3999999999999999,0.463042049934297,0.233552413197902,0.091310408921933,0.6666666666666666,8.956521739130435,-7.8638941398865745,5.69189973362342,-0.0376936932608709,-0.0780728012323379,-0.1304454654455185,0.0200235210359096,-0.09275177218464759
mp-753,ZnSb,Zn,0.5,0.1223021582733812,0.3999999999999999,0.463042049934297,0.233552413197902,0.091310408921933,0.6666666666666666,8.5,-7.9999999999999964,5.762825659158757,-0.0614477549999996,0.0010546464473009,-0.0710049122571945,0.0242003239691257,-0.009557157257194908
mp-10638,ZrSb,Zr,0.5,0.0431654676258993,0.7199999999999998,0.2508212877792379,1.354555312133484,0.2293215613382899,1.261904761904762,4.5,-25.91999999999998,5.762825659158757,-0.8098091699999989,-0.8119143843650818,-0.7004172205924988,-0.7330265641212463,0.10939194940750008
mp-1105139,Zr3Sb,Zr,0.75,0.0431654676258993,0.7199999999999998,0.2508212877792379,1.354555312133484,0.2293215613382899,1.261904761904762,4.25,-19.439999999999984,4.6752543923441445,-0.5787569462499995,-0.6221074461936951,-0.4830542206764221,-0.5728539824485779,0.0957027255735774
mp-2649,Zr5Sb3,Zr,0.625,0.0431654676258993,0.7199999999999998,0.2508212877792379,1.354555312133484,0.2293215613382899,1.261904761904762,4.375,-24.299999999999983,5.500236762028835,-0.7659680518749994,-0.7931535243988037,-0.7059683203697205,-0.7218409776687622,0.05999973150527893
mp-31379,Zr2Sb,Zr,0.6666666666666667,0.0431654676258993,0.7199999999999998,0.2508212877792379,1.354555312133484,0.2293215613382899,1.261904761904762,4.333333333333333,-23.03999999999998,5.291978795186446,-0.7413615550000022,-0.684639573097229,-0.573660671710968,-0.6858376860618591,0.1677008832890342
mp-32967,Zr7Sb4,Zr,0.6363636363636364,0.0431654676258993,0.7199999999999998,0.2508212877792379,1.354555312133484,0.2293215613382899,1.261904761904762,4.363636363636363,-23.99206611570246,5.449675468199551,-0.7650108845454507,-0.7705709338188171,-0.6751013398170471,-0.7233434319496155,0.08990954472840362
mp-505759,Zr5Sb3,Zr,0.625,0.0431654676258993,0.7199999999999998,0.2508212877792379,1.354555312133484,0.2293215613382899,1.261904761904762,4.375,-24.299999999999983,5.500236762028835,-0.7749566481249985,-0.7934994697570801,-0.7059683203697205,-0.7218409776687622,0.06898832775527808
mp-542044,Zr11Sb18,Zr,0.3793103448275862,0.0431654676258993,0.7199999999999998,0.2508212877792379,1.354555312133484,0.2293215613382899,1.261904761904762,4.620689655172414,-24.409797859690823,5.518213785967504,-0.6608475584482794,-0.6902990937232971,-0.547131359577179,-0.6550342440605164,0.1137161988711004
mp-569671,ZrSb,Zr,0.5,0.0431654676258993,0.7199999999999998,0.2508212877792379,1.354555312133484,0.2293215613382899,1.261904761904762,4.5,-25.91999999999998,5.762825659158757,-0.8018059100000023,-0.8054485321044922,-0.7004172205924988,-0.7330265641212463,0.10138868940750356
mp-570196,Zr5Sb4,Zr,0.5555555555555556,0.0431654676258993,0.7199999999999998,0.2508212877792379,1.354555312133484,0.2293215613382899,1.261904761904762,4.444444444444445,-25.59999999999998,5.711398547813519,-0.7697531511111132,-0.775483250617981,-0.6561383605003357,-0.7239676713943481,0.1136147906107775
mp-979,ZrSb2,Zr,0.3333333333333333,0.0431654676258993,0.7199999999999998,0.2508212877792379,1.354555312133484,0.2293215613382899,1.261904761904762,4.666666666666667,-23.039999999999985,5.291978795186446,-0.6315271295833327,-0.6045081615447998,-0.4867226779460907,-0.6466748714447021,0.14480445163724198
